Question,Type,Options,Answer
"Select options","checklist","Make this my default resumé","Make this my default resumé"
"Profile (4).pdf","radiobutton","Profile (4).pdf | Yoga Adi Saputra - Full Stack Developer - Glints TapLoker.pdf | Don't include a resumé","Profile (4).pdf"
"Select one option","radiobutton","Upload a cover letter | Write a cover letter | Don't include a cover letter","Don't include a cover letter"
"Which of the following statements best describes your right to work in Indonesia?","dropdown","| I'm an Indonesian citizen | I have an Employment pass/Work permit | I have an Indonesian residence permit (KITAS/KITAP) | I have a Business Visa | I have an ABTC (APEC Business Travel Card) | I require sponsorship to work for a new employer in Indonesia","I'm an Indonesian citizen"
"What's your expected monthly basic salary?","dropdown","Rp 1 million | Rp 1.5 million | Rp 2 million | Rp 2.5 million | Rp 3 million | Rp 3.5 million | Rp 4 million | Rp 4.5 million | Rp 5 million | Rp 5.5 million | Rp 6 million | Rp 7 million | Rp 8 million | Rp 9 million | Rp 10 million | Rp 15 million | Rp 20 million | Rp 25 million | Rp 30 million | Rp 40 million | Rp 60 million | Rp 80 million | Rp 100 million or more","Rp 4 million"
"How many years' experience do you have as a Backend Developer?","dropdown","No experience | Less than 1 year | 1 year | 2 years | 3 years | 4 years | 5 years | More than 5 years","Less than 1 year"
"Which of the following types of qualifications do you have?","dropdown","Elementary school (SD) or equivalent | SMP or equivalent | SMA/SMK or equivalent | Diploma 1 | Diploma 2 | Diploma 3 | Diploma 4 | Bachelor Degree (S1) | Professional Education Program | Masters Degree (S2) | Doctoral Degree (S3) | I have a qualification that is not listed here","SMA/SMK or equivalent"
"Which of the following back end development libraries and frameworks are you proficient in?","checklist","CodeIgniter | Yii | Joomla | CakePHP | Zend | Django | Ruby on Rails | Struts 2 | Symfony | Apache | SciPy | Play | NumPy | Grails | None of these","None of these"
"How many years' experience do you have as a Full Stack Developer?","dropdown","No experience | Less than 1 year | 1 year | 2 years | 3 years | 4 years | 5 years | More than 5 years","Less than 1 year"
"How many years' experience do you have as a java developer?","dropdown","| No experience | Less than 1 year | 1 year | 2 years | 3 years | 4 years | 5 years | More than 5 years","Less than 1 year"
"Pernyataan mana di bawah ini yang paling mendeskripsikan hakmu bekerja di Indonesia?","dropdown","| Saya adalah warga negara Indonesia | Saya memiliki izin Ketenagakerjaan/Kerja | Saya memiliki izin tinggal Indonesia (KITAS/KITAP) | Saya memiliki Visa Bisnis | Saya memiliki ABTC (APEC Business Travel Card) | Saya membutuhkan sponsor untuk bekerja pada perusahaan baru di Indonesia","Saya adalah warga negara Indonesia"
"Berapa gaji bulanan yang kamu inginkan?","dropdown","Rp 1 Jt | Rp 1.5 Jt | Rp 2 Jt | Rp 2.5 Jt | Rp 3 Jt | Rp 3.5 Jt | Rp 4 Jt | Rp 4.5 Jt | Rp 5 Jt | Rp 5.5 Jt | Rp 6 Jt | Rp 7 Jt | Rp 8 Jt | Rp 9 Jt | Rp 10 Jt | Rp 15 Jt | Rp 20 Jt | Rp 25 Jt | Rp 30 Jt | Rp 40 Jt | Rp 60 Jt | Rp 80 Jt | Rp 100 Jt atau lebih","Rp 100 Jt atau lebih"
"Kualifikasi mana yang kamu miliki?","dropdown","Sekolah Dasar atau sederajat | SMP atau sederajat | SMA/SMK atau sederajat | Diploma 1 | Diploma 2 | Diploma 3 | Diploma 4 | Sarjana (S1) | Program Pendidikan Profesi | Magister (S2) | Doktor (S3) | Saya memiliki kualifikasi yang tidak ada dalam daftar","SMA/SMK atau sederajat"
"Berapa tahun pengalaman kerjamu menggunakan query SQL?","dropdown","Tidak ada pengalaman | Kurang dari 1 tahun | 1 tahun | 2 tahun | 3 tahun | 4 tahun | 5 tahun | Lebih dari 5 tahun","Kurang dari 1 tahun"
"Berapa tahun pengalaman kerjamu sebagai programmer?","dropdown","Tidak ada pengalaman | Kurang dari 1 tahun | 1 tahun | 2 tahun | 3 tahun | 4 tahun | 5 tahun | Lebih dari 5 tahun","Kurang dari 1 tahun"
"Alat kontrol revisi apa saja di bawah ini yang bisa kamu gunakan?","checklist","IBM ClearCase | Apache Subversion (SVN) | TFS | GIT | Mercurial | CVS | Perforce | AccuRev | Tidak satupun","GIT"
"Software akuntansi apa saja di bawah ini yang bisa kamu gunakan?","checklist","Keysoft ERP | Accurate | Zahir | MYOB | Microsoft Dynamics | SAP Business One | Quickbooks | Oracle | Quicken | Sleekr | SQL | Tidak satupun","Tidak satupun"
"Bahasa pemrograman apa saja di bawah ini yang bisa kamu gunakan?","checklist",".NET | C | C# | C++ | CSS | HTML | Java | JavaScript | Objective-C | PHP | Python | Ruby | Swift | Visual Basic | Tidak satupun","CSS | HTML | JavaScript | PHP | Python"
"Sistem Relational Database Management (RDBMS) apa saja yang bisa kamu gunakan?","checklist","PostgreSQL | Oracle | DB2 | SQLite | Microsoft SQL | MySQL | Informix | Teradata | Sybase | Tidak satupun","PostgreSQL | SQLite | MySQL"
"Berapa tahun pengalaman kerjamu sebagai pengembang php?","dropdown","| Tidak ada pengalaman | Kurang dari 1 tahun | 1 tahun | 2 tahun | 3 tahun | 4 tahun | 5 tahun | Lebih dari 5 tahun","Kurang dari 1 tahun"
"Bagaimana kamu menilai kemampuan bahasa Inggrismu?","checklist","Berbicara dengan mahir dalam situasi profesional | Menulis dengan mahir dalam situasi profesional | Kemahiran terbatas","Kemahiran terbatas"
"How many years' experience do you have as a Web Engineer?","dropdown","| No experience | Less than 1 year | 1 year | 2 years | 3 years | 4 years | 5 years | More than 5 years","Less than 1 year"
"Which of the following content management systems (CMS) do you have experience with?","checklist","Squiz | WordPress | Sitefinity | EpiServer | Umbraco | Matrix | Adobe CQ5 | Joomla | Drupal | FatWire | Sitecore | Vignette | Magento | SharePoint | None of these","None of these"
"How would you rate your English language skills?","checklist","Speaks proficiently in a professional setting | Writes proficiently in a professional setting | Limited proficiency","Limited proficiency"
"Which of the following front end development libraries and frameworks are you proficient in?","checklist","Backbone.js | Angular.js | D3.js | LESS | React.js | Bootstrap | Durandal | CanJS | jQuery | Ext JS | Node.js | SASS | Ember.js | Knockout | None of these","React.js | Bootstrap"
"Which of the following languages are you fluent in?","checklist","English | Indonesian | Mandarin | Japanese | French | German | Korean | Malaysian | Other (language not listed)","Indonesian"
"How many years' experience do you have using SQL queries?","dropdown","No experience | Less than 1 year | 1 year | 2 years | 3 years | 4 years | 5 years | More than 5 years","Less than 1 year"
"Which of the following programming languages are you experienced in?","checklist",".NET | C | C# | C++ | CSS | HTML | Java | JavaScript | Objective-C | PHP | Python | Ruby | Swift | Visual Basic | None of these","CSS | HTML | JavaScript | PHP | Python"
"Which of the following Relational Database Management Systems (RDBMS) are you experienced with?","checklist","PostgreSQL | Oracle | DB2 | SQLite | Microsoft SQL | MySQL | Informix | Teradata | Sybase | None of these","PostgreSQL | SQLite | MySQL"
"Which of the following Microsoft Office products are you experienced with?","checklist","Publisher | Outlook | PowerPoint | OneNote | Access | Word | Excel | None of these","None of these"
"Berapa tahun pengalaman kerjamu sebagai Pengawas Pembangunan?","dropdown","| Tidak ada pengalaman | Kurang dari 1 tahun | 1 tahun | 2 tahun | 3 tahun | 4 tahun | 5 tahun | Lebih dari 5 tahun","Kurang dari 1 tahun"
"Alat analisis data apa saja di bawah ini yang bisa kamu gunakan?","checklist","SAS | Statistica | Tableau | SPSS | RapidMiner | KNIME | Mathematica | R | SciPy | Excel | Matlab | Hadoop | SPSS Modeller (Clementine) | SQL | Tidak satupun","Excel | SQL"
"How many years' experience do you have as a Full Stack Software Engineer?","dropdown","No experience | Less than 1 year | 1 year | 2 years | 3 years | 4 years | 5 years | More than 5 years","Less than 1 year"
"Library/framework front end apa saja di bawah ini yang bisa kamu gunakan?","checklist","Backbone.js | Angular.js | D3.js | LESS | React.js | Bootstrap | Durandal | CanJS | jQuery | Ext JS | Node.js | SASS | Ember.js | Knockout | Tidak satupun","React.js | Bootstrap"
"Are you available to travel for this role when required?","checklist","Yes, domestic travel | Yes, international travel | No","No"
"How many years' experience do you have in the financial services industry?","dropdown","| No experience | Less than 1 year | 1 year | 2 years | 3 years | 4 years | 5 years | More than 5 years","Less than 1 year"
"How many years' experience do you have as a .Net SQL Developer?","dropdown","| No experience | Less than 1 year | 1 year | 2 years | 3 years | 4 years | 5 years | More than 5 years","Less than 1 year"
"How many years' experience do you have as a Java Software Engineer?","dropdown","| No experience | Less than 1 year | 1 year | 2 years | 3 years | 4 years | 5 years | More than 5 years","Less than 1 year"
"How many years' experience do you have as a Python Developer?","dropdown","| No experience | Less than 1 year | 1 year | 2 years | 3 years | 4 years | 5 years | More than 5 years","Less than 1 year"
"Berapa tahun pengalaman kerjamu sebagai programmer teknologi informasi?","dropdown","Tidak ada pengalaman | Kurang dari 1 tahun | 1 tahun | 2 tahun | 3 tahun | 4 tahun | 5 tahun | Lebih dari 5 tahun","Kurang dari 1 tahun"
"How many years' experience do you have as a software engineer?","dropdown","No experience | Less than 1 year | 1 year | 2 years | 3 years | 4 years | 5 years | More than 5 years","Less than 1 year"
"How many years' experience do you have as a web developer?","dropdown","No experience | Less than 1 year | 1 year | 2 years | 3 years | 4 years | 5 years | More than 5 years","Less than 1 year"
"How many years' experience do you have as a Software Development Manager?","dropdown","No experience | Less than 1 year | 1 year | 2 years | 3 years | 4 years | 5 years | More than 5 years","Less than 1 year"
"Berapa tahun pengalaman kerjamu di bidang pengembangan software?","dropdown","Tidak ada pengalaman | Kurang dari 1 tahun | 1 tahun | 2 tahun | 3 tahun | 4 tahun | 5 tahun | Lebih dari 5 tahun","Kurang dari 1 tahun"
"Berapa tahun pengalaman kerjamu di bidang pengembangan front end?","dropdown","Tidak ada pengalaman | Kurang dari 1 tahun | 1 tahun | 2 tahun | 3 tahun | 4 tahun | 5 tahun | Lebih dari 5 tahun","Kurang dari 1 tahun"
"Berapa tahun pengalaman kerjamu sebagai Kepala TI?","dropdown","Tidak ada pengalaman | Kurang dari 1 tahun | 1 tahun | 2 tahun | 3 tahun | 4 tahun | 5 tahun | Lebih dari 5 tahun","Kurang dari 1 tahun"
"How many years' experience do you have as a Front End Specialist?","dropdown","No experience | Less than 1 year | 1 year | 2 years | 3 years | 4 years | 5 years | More than 5 years","Less than 1 year"
"How many years' experience do you have as a Front End Engineer?","dropdown","No experience | Less than 1 year | 1 year | 2 years | 3 years | 4 years | 5 years | More than 5 years","Less than 1 year"
"How many years' experience do you have as an information technology programmer?","dropdown","No experience | Less than 1 year | 1 year | 2 years | 3 years | 4 years | 5 years | More than 5 years","Less than 1 year"
"How many years' experience do you have as a software developer?","dropdown","No experience | Less than 1 year | 1 year | 2 years | 3 years | 4 years | 5 years | More than 5 years","Less than 1 year"
"Which of the following revision control tools do you have experience using?","checklist","IBM ClearCase | Apache Subversion (SVN) | TFS | GIT | Mercurial | CVS | Perforce | AccuRev | None of these","GIT"
"How many years' experience do you have as an IT System Executive?","dropdown","No experience | Less than 1 year | 1 year | 2 years | 3 years | 4 years | 5 years | More than 5 years","Less than 1 year"
"How many years' experience do you have as a frontend developer?","dropdown","No experience | Less than 1 year | 1 year | 2 years | 3 years | 4 years | 5 years | More than 5 years","Less than 1 year"
"How many years' experience do you have as a .net developer?","dropdown","No experience | Less than 1 year | 1 year | 2 years | 3 years | 4 years | 5 years | More than 5 years","Less than 1 year"
"Berapa tahun pengalaman kerjamu sebagai pengembang frontend?","dropdown","Tidak ada pengalaman | Kurang dari 1 tahun | 1 tahun | 2 tahun | 3 tahun | 4 tahun | 5 tahun | Lebih dari 5 tahun","Kurang dari 1 tahun"
"How many years' experience do you have as a Mobile Application Developer?","dropdown","No experience | Less than 1 year | 1 year | 2 years | 3 years | 4 years | 5 years | More than 5 years","Less than 1 year"
"Bahasa apa saja di bawah ini yang fasih kamu gunakan?","checklist","Bahasa Inggris | Bahasa Indonesia | Bahasa Mandarin | Bahasa Jepang | Bahasa Prancis | Bahasa Jerman | Bahasa Korea | Bahasa Malaysia | Lainnya (bahasa tidak ada dalam daftar)","Bahasa Indonesia"
"Berapa tahun pengalaman kerjamu sebagai pengembang software?","dropdown","Tidak ada pengalaman | Kurang dari 1 tahun | 1 tahun | 2 tahun | 3 tahun | 4 tahun | 5 tahun | Lebih dari 5 tahun","Kurang dari 1 tahun"
"How many years' experience do you have as a Java Applications Developer?","dropdown","No experience | Less than 1 year | 1 year | 2 years | 3 years | 4 years | 5 years | More than 5 years","Less than 1 year"
"How many years' experience do you have as a PHP Python Developer?","dropdown","No experience | Less than 1 year | 1 year | 2 years | 3 years | 4 years | 5 years | More than 5 years","Less than 1 year"
"How many years' experience do you have as a UI/UX Product Designer?","dropdown","No experience | Less than 1 year | 1 year | 2 years | 3 years | 4 years | 5 years | More than 5 years","Less than 1 year"
"How many years' experience do you have as a systems engineer?","dropdown","No experience | Less than 1 year | 1 year | 2 years | 3 years | 4 years | 5 years | More than 5 years","Less than 1 year"
"Kapan kamu dapat mulai bekerja?","radiobutton","Immediately | 2 weeks | 1 month | 2 months","Immediately"
"Seberapa mahir kamu dengan keahlian berikut ini? - Node.js","radiobutton","Tidak Berpengalaman | Dasar | Menengah | Ahli","Menengah"
"Seberapa mahir kamu dengan keahlian berikut ini? - JavaScript","radiobutton","Tidak Berpengalaman | Dasar | Menengah | Ahli","Menengah"
"Seberapa mahir kamu dengan keahlian berikut ini? - jQuery","radiobutton","Tidak Berpengalaman | Dasar | Menengah | Ahli","Tidak Berpengalaman"
"Seberapa mahir kamu dengan keahlian berikut ini? - MySQL","radiobutton","Tidak Berpengalaman | Dasar | Menengah | Ahli","Menengah"
"Seberapa mahir kamu dengan keahlian berikut ini? - PostgreSQL","radiobutton","Tidak Berpengalaman | Dasar | Menengah | Ahli","Dasar"
"Seberapa mahir kamu dengan keahlian berikut ini? - React.js","radiobutton","Tidak Berpengalaman | Dasar | Menengah | Ahli","Menengah"
"Seberapa mahir kamu dengan keahlian berikut ini? - Microsoft SQL Server","radiobutton","Tidak Berpengalaman | Dasar | Menengah | Ahli","Tidak Berpengalaman"
"Seberapa mahir kamu dengan keahlian berikut ini? - Laravel","radiobutton","Tidak Berpengalaman | Dasar | Menengah | Ahli","Menengah"
"Seberapa mahir kamu dengan keahlian berikut ini? - MongoDB","radiobutton","Tidak Berpengalaman | Dasar | Menengah | Ahli","Dasar"
"Seberapa mahir kamu dengan keahlian berikut ini? - C++","radiobutton","Tidak Berpengalaman | Dasar | Menengah | Ahli","Tidak Berpengalaman"
"Berapa lama pengalaman yang kamu miliki sebagai Full Stack Developer?","radiobutton","Tidak Berpengalaman | <1 thn | 1 - 3 thn | 3 - 5 thn | 5 - 10 thn | 10+ thn","1 - 3 thn"
"Seberapa mahir kamu dengan keahlian berikut ini? - TypeScript","radiobutton","Tidak Berpengalaman | Dasar | Menengah | Ahli","Menengah"
"Seberapa mahir kamu dengan keahlian berikut ini? - Next.JS","radiobutton","Tidak Berpengalaman | Dasar | Menengah | Ahli","Menengah"
"Apakah kamu tinggal di Jakarta Utara pada saat ini?","radiobutton","Ya | Tidak","Tidak"
"Bersedia untuk bekerja Di Lokasi?","radiobutton","Ya | Tidak","Ya"
"Seberapa mahir kamu dengan bahasa berikut? - Inggris","radiobutton","Tidak | Menengah | Profesional | Mahir-Fasih","Menengah"
"Seberapa mahir kamu dengan keahlian berikut ini? - Vue.js","radiobutton","Tidak Berpengalaman | Dasar | Menengah | Ahli","Menengah"
"Seberapa mahir kamu dengan keahlian berikut ini? - CRM","radiobutton","Tidak Berpengalaman | Dasar | Menengah | Ahli","Tidak Berpengalaman"
"What is your latest GPA?","text","","3.71"
"We need to fill this position urgently. Can you join immediately?","text","","Yes"
"Do you agree with range salary in this vacancy?","text","","Yes, I agree with the salary range offered."
"Apakah pernah melakukan raw query untuk penarikan data dari database?","text","","Ya, pernah melakukan raw query untuk mengambil dan mengolah data dari database."
"Ekspektasi gaji yang diinginkan untuk posisi ini","text","","4500000"
"Beberapa HRD ingin tau di mana kamu tinggal saat ini","text","","Saat ini saya berdomisili di Gresik (Desa Banjaran RT 03 RW 03, Wringinanom, Gresik) dan siap untuk bekerja baik secara on-site, hybrid, maupun remote."
"Apakah kamu tinggal di Jakarta Selatan pada saat ini?","radiobutton","Ya | Tidak","Tidak"
"Seberapa mahir kamu dengan keahlian berikut ini? - Go / Golang","radiobutton","Tidak Berpengalaman | Dasar | Menengah | Ahli","Tidak Berpengalaman"
"Seberapa mahir kamu dengan keahlian berikut ini? - Java","radiobutton","Tidak Berpengalaman | Dasar | Menengah | Ahli","Tidak Berpengalaman"
"Seberapa mahir kamu dengan keahlian berikut ini? - openclaw","radiobutton","Tidak Berpengalaman | Dasar | Menengah | Ahli","Tidak Berpengalaman"
"Seberapa mahir kamu dengan keahlian berikut ini? - PHP","radiobutton","Tidak Berpengalaman | Dasar | Menengah | Ahli","Menengah"
"Seberapa mahir kamu dengan keahlian berikut ini? - Spring Boot","radiobutton","Tidak Berpengalaman | Dasar | Menengah | Ahli","Tidak Berpengalaman"
"Seberapa mahir kamu dengan keahlian berikut ini? - SQL","radiobutton","Tidak Berpengalaman | Dasar | Menengah | Ahli","Menengah"
"Seberapa mahir kamu dengan keahlian berikut ini? - Linux","radiobutton","Tidak Berpengalaman | Dasar | Menengah | Ahli","Dasar"
"Since this position involves working in an English-speaking environment on a daily basis, could you please self-rate your English proficiency from 1 to 10?","text","","6"
"Seberapa mahir kamu dengan keahlian berikut ini? - Model-View-Controller (MVC)","radiobutton","Tidak Berpengalaman | Dasar | Menengah | Ahli","Menengah"
"How much experience do you have in the following industry? - Food Production","radiobutton","Tidak Berpengalaman | <1 thn | 1 - 3 thn | 3 - 5 thn | 5 - 10 thn | 10+ thn","Tidak Berpengalaman"
"How much experience do you have in the following industry? - Food & Beverages","radiobutton","Tidak Berpengalaman | <1 thn | 1 - 3 thn | 3 - 5 thn | 5 - 10 thn | 10+ thn","Tidak Berpengalaman"
"Tuliskan Tools yang biasa anda gunakan dalam semua bagian di FULLSTACK DEVELOPER","text","","Laravel, PHP, Node.js, JavaScript, TypeScript, Python, React, Next.js, Svelte, Vue.js, Flutter, React Native, Electron, HTML5, CSS3, Tailwind CSS, Bootstrap, REST API, WebSocket, Express.js, FastAPI, MySQL, PostgreSQL, MongoDB, SQLite, Redis, Git, GitHub, GitLab, Docker, Postman, Web Automation, Web Scraping, Reverse Engineering, Chrome Extension, Android Development"
"Apakah anda memiliki pengalaman menggunakan Jquery? jelaskan project yang pernah menggunakaan tools tersebut","text","","Belum memiliki pengalaman langsung menggunakan jQuery dalam proyek profesional. Pengalaman utama saya menggunakan JavaScript modern, React, Vue.js, dan framework frontend lainnya."
"Apakah anda memiliki pengalaman dalam pengelolaan klien dari pemerintahan?","text","","Belum memiliki pengalaman dalam pengelolaan klien dari pemerintahan."
"Apakah kamu tinggal di Jakarta Pusat pada saat ini?","radiobutton","Ya | Tidak","Tidak"
"Seberapa mahir kamu dengan keahlian berikut ini? - React Native","radiobutton","Tidak Berpengalaman | Dasar | Menengah | Ahli","Menengah"
"Seberapa mahir kamu dengan keahlian berikut ini? - Java Springboot","radiobutton","Tidak Berpengalaman | Dasar | Menengah | Ahli","Tidak Berpengalaman"
"Seberapa mahir kamu dengan keahlian berikut ini? - Redis","radiobutton","Tidak Berpengalaman | Dasar | Menengah | Ahli","Dasar"
"Seberapa mahir kamu dengan keahlian berikut ini? - Kafka","radiobutton","Tidak Berpengalaman | Dasar | Menengah | Ahli","Tidak Berpengalaman"
"How much experience do you have in the following industry? - Banking","radiobutton","Tidak Berpengalaman | <1 thn | 1 - 3 thn | 3 - 5 thn | 5 - 10 thn | 10+ thn","Tidak Berpengalaman"
"How much experience do you have in the following industry? - Insurance","radiobutton","Tidak Berpengalaman | <1 thn | 1 - 3 thn | 3 - 5 thn | 5 - 10 thn | 10+ thn","Tidak Berpengalaman"
"How much experience do you have in the following industry? - Financial Services","radiobutton","Tidak Berpengalaman | <1 thn | 1 - 3 thn | 3 - 5 thn | 5 - 10 thn | 10+ thn","Tidak Berpengalaman"
"Seberapa mahir kamu dengan keahlian berikut ini? - GIT","radiobutton","Tidak Berpengalaman | Dasar | Menengah | Ahli","Menengah"
"Seberapa mahir kamu dengan keahlian berikut ini? - Web Development","radiobutton","Tidak Berpengalaman | Dasar | Menengah | Ahli","Menengah"
"Have you ever worked directly with founders/C-Level before?","text","","No"
"How much is your (gross) salary expectation monthly in IDR?","text","","4500000"
"Apakah bersedia dengan range salary tersebut?","text","","Ya"
"Apakah bersedia penempatan di client Banking Industry dengan sistem PKWT [Contract under Sigmatech]?","text","","Ya"
"Apakah bersedia join secara ASAP atau ada notice periode tertentu?","text","","Bersedia join ASAP"
"Seberapa mahir kamu dengan keahlian berikut ini? - Spring Framework","radiobutton","Tidak Berpengalaman | Dasar | Menengah | Ahli","Tidak Berpengalaman"
"Seberapa mahir kamu dengan keahlian berikut ini? - Angular.js","radiobutton","Tidak Berpengalaman | Dasar | Menengah | Ahli","Tidak Berpengalaman"
"Can you join immediately?","text","","Yes"
"Our client requires candidates who are willing to work in an English-speaking environment. Are you comfortable speaking English in daily work life?","text","","Yes, I am comfortable working in an English-speaking environment."
"Berapa lama pengalaman yang kamu miliki sebagai Backend Developer?","radiobutton","Tidak Berpengalaman | <1 thn | 1 - 3 thn | 3 - 5 thn | 5 - 10 thn | 10+ thn","1 - 3 thn"
"Apa pendidikan terakhir? Apakah sudah lulus?","text","","SMA/SMK, sudah lulus."
"Apakah bersedia untuk WFO (Work From Office) di Jakarta Pusat?","text","","Bersedia, dengan pembahasan lebih lanjut mengenai relokasi ke Jakarta Pusat."
"Seberapa mahir kamu dengan keahlian berikut ini? - HTML","radiobutton","Tidak Berpengalaman | Dasar | Menengah | Ahli","Ahli"
"Seberapa mahir kamu dengan keahlian berikut ini? - Php Frameworks","radiobutton","Tidak Berpengalaman | Dasar | Menengah | Ahli","Ahli"
"Seberapa mahir kamu dengan keahlian berikut ini? - Html5","radiobutton","Tidak Berpengalaman | Dasar | Menengah | Ahli","Ahli"
"Seberapa mahir kamu dengan keahlian berikut ini? - Plugins","radiobutton","Tidak Berpengalaman | Dasar | Menengah | Ahli","Dasar"
"Seberapa mahir kamu dengan keahlian berikut ini? - Api Integration","radiobutton","Tidak Berpengalaman | Dasar | Menengah | Ahli","Ahli"
"Seberapa mahir kamu dengan keahlian berikut ini? - Jason","radiobutton","Tidak Berpengalaman | Dasar | Menengah | Ahli","Ahli"
"Seberapa mahir kamu dengan keahlian berikut ini? - Ajax","radiobutton","Tidak Berpengalaman | Dasar | Menengah | Ahli","Menengah"
"How many years' experience do you have as an Umbraco Developer?","dropdown","No experience | Less than 1 year | 1 year | 2 years | 3 years | 4 years | 5 years | More than 5 years","Less than 1 year"
"How many years' experience do you have as a DevOps Engineer?","dropdown","No experience | Less than 1 year | 1 year | 2 years | 3 years | 4 years | 5 years | More than 5 years","Less than 1 year"
"How many years' experience do you have as a C# Developer?","dropdown","No experience | Less than 1 year | 1 year | 2 years | 3 years | 4 years | 5 years | More than 5 years","Less than 1 year"
"How many years' experience do you have as a Blockchain Architect?","dropdown","No experience | Less than 1 year | 1 year | 2 years | 3 years | 4 years | 5 years | More than 5 years","Less than 1 year"
"How many years' experience do you have as a Blockchain Developer?","dropdown","No experience | Less than 1 year | 1 year | 2 years | 3 years | 4 years | 5 years | More than 5 years","Less than 1 year"
"How many years' experience do you have as a Web3 Developer?","dropdown","No experience | Less than 1 year | 1 year | 2 years | 3 years | 4 years | 5 years | More than 5 years","Less than 1 year"
"How many years' experience do you have as a Project Team Leader?","dropdown","No experience | Less than 1 year | 1 year | 2 years | 3 years | 4 years | 5 years | More than 5 years","Less than 1 year"
"How many years' experience do you have as a programmer?","dropdown","No experience | Less than 1 year | 1 year | 2 years | 3 years | 4 years | 5 years | More than 5 years","Less than 1 year"
"How many years' experience do you have as a Cloud Developer?","dropdown","No experience | Less than 1 year | 1 year | 2 years | 3 years | 4 years | 5 years | More than 5 years","Less than 1 year"
"How many years' experience do you have as an Information Technology Developer?","dropdown","No experience | Less than 1 year | 1 year | 2 years | 3 years | 4 years | 5 years | More than 5 years","Less than 1 year"
"Are you willing to work on a contract basis?","text","","Yes"
"Are you able to do the interview in English? Do not continue to apply if you can't speak English.","text","","Yes"
"What is your current salary in IDR?","text","","Tidak dicantumkan"
"Berapa lama pengalaman menggunakan ReactJS di dunia profesional?","text","","1 tahun"
"Berapa lama pengalaman menggunakan Golang di dunia profesional?","text","","0"
"Berapa expected gaji mu?","text","","4500000"
"Seberapa mahir kamu dengan keahlian berikut ini? - Webpack","radiobutton","Tidak Berpengalaman | Dasar | Menengah | Ahli","Tidak Berpengalaman"
"Seberapa mahir kamu dengan keahlian berikut ini? - Phyton","radiobutton","Tidak Berpengalaman | Dasar | Menengah | Ahli","Menengah"
"Seberapa mahir kamu dengan keahlian berikut ini? - ECMAScript 6 (ES6)","radiobutton","Tidak Berpengalaman | Dasar | Menengah | Ahli","Menengah"
"Seberapa mahir kamu dengan keahlian berikut ini? - Scala","radiobutton","Tidak Berpengalaman | Dasar | Menengah | Ahli","Tidak Berpengalaman"
"How much experience do you have in the following industry? - Computer Software","radiobutton","Tidak Berpengalaman | <1 thn | 1 - 3 thn | 3 - 5 thn | 5 - 10 thn | 10+ thn","1 - 3 thn"
"How much experience do you have in the following industry? - Information Technology and Services","radiobutton","Tidak Berpengalaman | <1 thn | 1 - 3 thn | 3 - 5 thn | 5 - 10 thn | 10+ thn","1 - 3 thn"
"Seberapa mahir kamu dengan keahlian berikut ini? - .NET CORE","radiobutton","Tidak Berpengalaman | Dasar | Menengah | Ahli","Tidak Berpengalaman"
"Seberapa mahir kamu dengan keahlian berikut ini? - Postman Software","radiobutton","Tidak Berpengalaman | Dasar | Menengah | Ahli","Menengah"
"Berapa Gaji yang Anda Harapkan?","text","","4500000"
"How much is your current salary?","text","","Tidak ada"
"How much is your expectation salary?","text","","4500000"
"Seberapa mahir kamu dengan keahlian berikut ini? - .NET","radiobutton","Tidak Berpengalaman | Dasar | Menengah | Ahli","Tidak Berpengalaman"
"Seberapa mahir kamu dengan keahlian berikut ini? - REST API","radiobutton","Tidak Berpengalaman | Dasar | Menengah | Ahli","Menengah"
"Apakah Anda setuju dengan rentang gaji yang ditampilkan dalam lowongan pekerjaan ini?","text","","Tidak dapat ditentukan tanpa informasi rentang gaji"
"Berapa lama pengalaman professional Anda sbg .Net Developer?","text","","0"
"Berapa IPK terakhir di ijazah?","text","","3.71"
"Berapa eskpektasi gaji yang diinginkan?","text","","4500000"
"Apakah sebelumnya memiliki pengalaman terkait ISO 8583","text","","Tidak"
"Infokan Ketersediaan Anda (ASAP / 1 Month Notice)","text","","ASAP"
"Apakah memiliki sertifikasi (di luar Ijazah) yang terkait dengan posisi tersebut?","text","","Tidak memiliki sertifikasi terkait di luar ijazah."
"Berapa lama memiliki pengalaman sebagai Middleware Engineer?","text","","0"
"Seberapa mahir kamu dengan keahlian berikut ini? - Docker","radiobutton","Tidak Berpengalaman | Dasar | Menengah | Ahli","Menengah"
"Seberapa mahir kamu dengan keahlian berikut ini? - Gin","radiobutton","Tidak Berpengalaman | Dasar | Menengah | Ahli","Tidak Berpengalaman"
"Seberapa mahir kamu dengan keahlian berikut ini? - Amazon Web Services (AWS)","radiobutton","Tidak Berpengalaman | Dasar | Menengah | Ahli","Tidak Berpengalaman"
"Berapa tahun pengalaman Anda menggunakan Go atau Node.js (TypeScript) dalam lingkungan produksi (production)? Sebutkan framework yang paling sering Anda gunakan!","text","","1 tahun menggunakan Node.js dalam lingkungan produksi; framework yang paling sering digunakan adalah Express.js."
"Bagaimana cara Anda menangani race condition atau memastikan konsistensi data ketika ada dua request yang memotong saldo pengguna secara bersamaan di database?","text","","Gunakan transaksi database dengan row-level locking, misalnya SELECT ... FOR UPDATE, lalu validasi saldo dan kurangi saldo dalam transaksi atomik. Tambahkan constraint agar saldo tidak menjadi negatif serta gunakan isolation level yang sesuai."
"Jika sebuah event transaksi pembayaran dari Apache Kafka tidak sengaja terproses dua kali oleh consumer, bagaimana Anda memastikan sistem tetap aman (idempotent) dan tidak terjadi duplikasi transaksi?","text","","Gunakan idempotency key atau transaction ID sebagai unique key di database, lalu proses event dalam transaksi atomik. Consumer melakukan pengecekan sebelum memproses, menyimpan status transaksi, dan menggunakan acknowledgment serta retry yang aman."
"How many years experience do you have as an Odoo Developer Specialist?","text","","0"
"Apakah kamu tinggal di Jakarta Barat pada saat ini?","radiobutton","Ya | Tidak","Tidak"
"Seberapa mahir kamu dengan keahlian berikut ini? - Python","radiobutton","Tidak Berpengalaman | Dasar | Menengah | Ahli","Menengah"
"Seberapa mahir kamu dengan bahasa berikut? - Indonesia","radiobutton","Tidak | Menengah | Profesional | Mahir-Fasih","Mahir-Fasih"
"What's your current salary?","text","","Tidak disebutkan"
"Seberapa mahir kamu dengan keahlian berikut ini? - Backend Development","radiobutton","Tidak Berpengalaman | Dasar | Menengah | Ahli","Menengah"
"Seberapa mahir kamu dengan keahlian berikut ini? - Arsitektur Mikroservis","radiobutton","Tidak Berpengalaman | Dasar | Menengah | Ahli","Tidak Berpengalaman"
"Seberapa mahir kamu dengan keahlian berikut ini? - ASP .NET","radiobutton","Tidak Berpengalaman | Dasar | Menengah | Ahli","Tidak Berpengalaman"
"Seberapa mahir kamu dengan keahlian berikut ini? - Devexpress","radiobutton","Tidak Berpengalaman | Dasar | Menengah | Ahli","Tidak Berpengalaman"
"Apakah bersedia dengan sistem kerja Contract under Sigmatech [PKWT]?","text","","Ya"
"Berapa lama notice periode yang dibutuhkan Saudara?","text","","Immediately"
"How much experience do you have in the following industry? - Capital Markets","radiobutton","Tidak Berpengalaman | <1 thn | 1 - 3 thn | 3 - 5 thn | 5 - 10 thn | 10+ thn","Tidak Berpengalaman"
"Seberapa mahir kamu dengan keahlian berikut ini? - Analitik Data","radiobutton","Tidak Berpengalaman | Dasar | Menengah | Ahli","Tidak Berpengalaman"
"Berapa lama pengalaman yang kamu miliki sebagai Frontend Developer?","radiobutton","Tidak Berpengalaman | <1 thn | 1 - 3 thn | 3 - 5 thn | 5 - 10 thn | 10+ thn","1 - 3 thn"
"Seberapa mahir kamu dengan keahlian berikut ini? - Vite","radiobutton","Tidak Berpengalaman | Dasar | Menengah | Ahli","Tidak Berpengalaman"
"Seberapa mahir kamu dengan keahlian berikut ini? - Dart","radiobutton","Tidak Berpengalaman | Dasar | Menengah | Ahli","Dasar"
"Seberapa mahir kamu dengan keahlian berikut ini? - Flutter","radiobutton","Tidak Berpengalaman | Dasar | Menengah | Ahli","Menengah"
"Seberapa mahir kamu dengan keahlian berikut ini? - Kerja Tim","radiobutton","Tidak Berpengalaman | Dasar | Menengah | Ahli","Menengah"
"Seberapa mahir kamu dengan keahlian berikut ini? - Zustand","radiobutton","Tidak Berpengalaman | Dasar | Menengah | Ahli","Tidak Berpengalaman"
"Seberapa mahir kamu dengan keahlian berikut ini? - Metodologi Agile","radiobutton","Tidak Berpengalaman | Dasar | Menengah | Ahli","Tidak Berpengalaman"
"Seberapa mahir kamu dengan keahlian berikut ini? - Nuxt.js","radiobutton","Tidak Berpengalaman | Dasar | Menengah | Ahli","Tidak Berpengalaman"
"Seberapa mahir kamu dengan keahlian berikut ini? - Svelt","radiobutton","Tidak Berpengalaman | Dasar | Menengah | Ahli","Menengah"
"Seberapa mahir kamu dengan keahlian berikut ini? - TanStack Start","radiobutton","Tidak Berpengalaman | Dasar | Menengah | Ahli","Tidak Berpengalaman"
"Seberapa mahir kamu dengan keahlian berikut ini? - Basis Data Oracle","radiobutton","Tidak Berpengalaman | Dasar | Menengah | Ahli","Tidak Berpengalaman"
"Apakah Anda sudah menyelesaikan pendidikan minimal D3 atau sudah memiliki Surat Keterangan Lulus?","text","","Tidak"
"Seberapa mahir Anda dengan keahlian C/C++?","text","","Tidak berpengalaman"
"Seberapa mahir kamu dengan keahlian berikut ini? - Java Programming","radiobutton","Tidak Berpengalaman | Dasar | Menengah | Ahli","Tidak Berpengalaman"
"Seberapa mahir kamu dengan keahlian berikut ini? - CI/CD","radiobutton","Tidak Berpengalaman | Dasar | Menengah | Ahli","Dasar"
"Seberapa mahir kamu dengan keahlian berikut ini? - Software Architecture","radiobutton","Tidak Berpengalaman | Dasar | Menengah | Ahli","Dasar"
"Seberapa mahir kamu dengan keahlian berikut ini? - Network Debugging","radiobutton","Tidak Berpengalaman | Dasar | Menengah | Ahli","Dasar"
"Seberapa mahir kamu dengan keahlian berikut ini? - Software Development","radiobutton","Tidak Berpengalaman | Dasar | Menengah | Ahli","Menengah"
"Seberapa mahir kamu dengan keahlian berikut ini? - Code Review","radiobutton","Tidak Berpengalaman | Dasar | Menengah | Ahli","Dasar"
"Seberapa mahir kamu dengan keahlian berikut ini? - Scrum","radiobutton","Tidak Berpengalaman | Dasar | Menengah | Ahli","Tidak Berpengalaman"
"Bagaimana Anda merancang RESTful API atau gRPC agar tetap aman, memiliki rate-limiting yang baik, serta mudah diakses oleh tim frontend maupun pihak ketiga?","text","","Saya merancang API dengan autentikasi JWT atau OAuth2, validasi input, HTTPS, sanitasi data, kontrol akses berbasis peran, serta logging dan monitoring. Rate limiting diterapkan menggunakan Redis atau middleware, sedangkan dokumentasi OpenAPI, versioning, format respons konsisten, dan pengujian memastikan API mudah digunakan oleh frontend maupun pihak ketiga."
"ERP atau sistem akuntansi apa saja yang pernah Anda hubungkan dengan aplikasi inti","text","","Belum pernah menghubungkan ERP atau sistem akuntansi."
"Seberapa mahir kamu dengan keahlian berikut ini? - Manual Coding","radiobutton","Tidak Berpengalaman | Dasar | Menengah | Ahli","Menengah"
"Kalau kamu diminta integrasi dengan third-party API (misalnya payment atau social media), apa saja hal yang kamu perhatikan dan bagaimana cara kamu handle error atau failure?","text","","Saya memperhatikan dokumentasi API, autentikasi dan otorisasi, format request/response, rate limit, validasi data, keamanan credential, timeout, serta kompatibilitas versi. Saya menangani error dengan validasi input, logging, timeout, retry terbatas dengan exponential backoff, fallback bila diperlukan, serta response error yang jelas agar mudah dimonitor dan ditelusuri."
"Seberapa nyaman Anda melakukan manual coding tanpa bergantung pada AI coding tools? Jika ya, bisa jelaskan singkat pengalaman atau pendekatan Anda?","text","","Saya nyaman melakukan manual coding tanpa bergantung pada AI coding tools. Saya terbiasa memahami kebutuhan, merancang alur dan struktur kode, menulis kode secara mandiri, melakukan debugging, testing, serta membaca dokumentasi resmi untuk menyelesaikan masalah."
"Posisi ini memerlukan untuk WFO untuk hari Senin-Jumat jam kerja 10.00-18.00. Dan hari sabtu WFH di jam 10.00-14.00. Apakah dari kamu bersedia?","text","","Ya, saya bersedia mengikuti jadwal WFO Senin-Jumat pukul 10.00-18.00 dan WFH Sabtu pukul 10.00-14.00."
"Expectation Salary?","text","","4500000"
"Seberapa mahir kamu dengan keahlian berikut ini? - Orm","radiobutton","Tidak Berpengalaman | Dasar | Menengah | Ahli","Menengah"
"Seberapa mahir kamu dengan keahlian berikut ini? - FASTAPI","radiobutton","Tidak Berpengalaman | Dasar | Menengah | Ahli","Menengah"
"Seberapa mahir kamu dengan keahlian berikut ini? - drizzle orm","radiobutton","Tidak Berpengalaman | Dasar | Menengah | Ahli","Tidak Berpengalaman"
"Seberapa mahir kamu dengan keahlian berikut ini? - NestJS","radiobutton","Tidak Berpengalaman | Dasar | Menengah | Ahli","Tidak Berpengalaman"
"Seberapa mahir kamu dengan keahlian berikut ini? - Swagger","radiobutton","Tidak Berpengalaman | Dasar | Menengah | Ahli","Dasar"
"Seberapa mahir kamu dengan keahlian berikut ini? - NoSQL","radiobutton","Tidak Berpengalaman | Dasar | Menengah | Ahli","Menengah"
"Seberapa mahir kamu dengan keahlian berikut ini? - Integrasi Sistem","radiobutton","Tidak Berpengalaman | Dasar | Menengah | Ahli","Menengah"
"Seberapa mahir kamu dengan keahlian berikut ini? - DevOps","radiobutton","Tidak Berpengalaman | Dasar | Menengah | Ahli","Dasar"
"Expected salary :","text","","4500000"
"Seberapa mahir kamu dengan keahlian berikut ini? - Perangkat Lunak ERP","radiobutton","Tidak Berpengalaman | Dasar | Menengah | Ahli","Tidak Berpengalaman"
"Seberapa mahir kamu dengan keahlian berikut ini? - Restful API","radiobutton","Tidak Berpengalaman | Dasar | Menengah | Ahli","Menengah"
"Seberapa mahir kamu dengan keahlian berikut ini? - Pengujian Integrasi","radiobutton","Tidak Berpengalaman | Dasar | Menengah | Ahli","Dasar"
"Seberapa mahir kamu dengan keahlian berikut ini? - Object-Oriented Programming (OOP)","radiobutton","Tidak Berpengalaman | Dasar | Menengah | Ahli","Menengah"
"Seberapa mahir kamu dengan keahlian berikut ini? - Echo Framework","radiobutton","Tidak Berpengalaman | Dasar | Menengah | Ahli","Tidak Berpengalaman"
"Seberapa mahir kamu dengan keahlian berikut ini? - Fiber Framework","radiobutton","Tidak Berpengalaman | Dasar | Menengah | Ahli","Tidak Berpengalaman"
"Seberapa mahir kamu dengan keahlian berikut ini? - GORM","radiobutton","Tidak Berpengalaman | Dasar | Menengah | Ahli","Tidak Berpengalaman"
"Seberapa mahir kamu dengan keahlian berikut ini? - Chi Framework","radiobutton","Tidak Berpengalaman | Dasar | Menengah | Ahli","Tidak Berpengalaman"
"What is your current salary? (NETT)","text","","Tidak disebutkan"
"Expected Salary ? (NETT)","text","","4500000"
"Seberapa mahir kamu dengan keahlian berikut ini? - Pengembangan Web","radiobutton","Tidak Berpengalaman | Dasar | Menengah | Ahli","Menengah"
"Would you be willing to work under a 12mo contract with ONSITE working arrangement?","text","","Tidak dapat ditentukan"
"How much experience do you have in the following industry? - Investment Banking","radiobutton","Tidak Berpengalaman | <1 thn | 1 - 3 thn | 3 - 5 thn | 5 - 10 thn | 10+ thn","Tidak Berpengalaman"
"Seberapa mahir kamu dengan keahlian berikut ini? - Temporal Workflow","radiobutton","Tidak Berpengalaman | Dasar | Menengah | Ahli","Tidak Berpengalaman"
"Seberapa mahir kamu dengan keahlian berikut ini? - Distributed Systems","radiobutton","Tidak Berpengalaman | Dasar | Menengah | Ahli","Tidak Berpengalaman"
"Seberapa mahir kamu dengan keahlian berikut ini? - Yii 2","radiobutton","Tidak Berpengalaman | Dasar | Menengah | Ahli","Tidak Berpengalaman"
"Seberapa mahir kamu dengan keahlian berikut ini? - Hibernate","radiobutton","Tidak Berpengalaman | Dasar | Menengah | Ahli","Tidak Berpengalaman"
"Seberapa mahir kamu dengan keahlian berikut ini? - Express.Js","radiobutton","Tidak Berpengalaman | Dasar | Menengah | Ahli","Menengah"
"Seberapa mahir kamu dengan keahlian berikut ini? - Maven","radiobutton","Tidak Berpengalaman | Dasar | Menengah | Ahli","Tidak Berpengalaman"
"Seberapa mahir kamu dengan keahlian berikut ini? - as400","radiobutton","Tidak Berpengalaman | Dasar | Menengah | Ahli","Tidak Berpengalaman"
"Seberapa mahir kamu dengan keahlian berikut ini? - Ibm I","radiobutton","Tidak Berpengalaman | Dasar | Menengah | Ahli","Tidak Berpengalaman"
"Seberapa mahir kamu dengan keahlian berikut ini? - Soap Web Services","radiobutton","Tidak Berpengalaman | Dasar | Menengah | Ahli","Tidak Berpengalaman"
"Seberapa mahir kamu dengan keahlian berikut ini? - Db2/400","radiobutton","Tidak Berpengalaman | Dasar | Menengah | Ahli","Tidak Berpengalaman"
"Bersedia untuk bekerja Hybrid?","radiobutton","Ya | Tidak","Ya"
"Seberapa mahir kamu dengan keahlian berikut ini? - Pengembangan WordPress","radiobutton","Tidak Berpengalaman | Dasar | Menengah | Ahli","Tidak Berpengalaman"
"Seberapa mahir kamu dengan keahlian berikut ini? - CSS","radiobutton","Tidak Berpengalaman | Dasar | Menengah | Ahli","Menengah"
"Seberapa mahir kamu dengan keahlian berikut ini? - Core Java","radiobutton","Tidak Berpengalaman | Dasar | Menengah | Ahli","Tidak Berpengalaman"
"Seberapa mahir kamu dengan keahlian berikut ini? - Temenos24","radiobutton","Tidak Berpengalaman | Dasar | Menengah | Ahli","Tidak Berpengalaman"
"Seberapa mahir kamu dengan keahlian berikut ini? - Perbankan","radiobutton","Tidak Berpengalaman | Dasar | Menengah | Ahli","Tidak Berpengalaman"
"Ceritakan project Fullstack yang paling kompleks yang pernah Anda kerjakan. jika ada Dokumentasinya, Sertakan!","text","","Project fullstack paling kompleks yang saya kerjakan menggunakan Laravel, PHP, JavaScript, REST API, dan database seperti MySQL atau PostgreSQL. Saya menangani perancangan API, autentikasi, pengolahan data, validasi, integrasi frontend, serta pengujian menggunakan Postman. Dokumentasi dan contoh project tersedia di https://github.com/itzluthfi."
"Dalam mengerjakan project, Anda lebih sering coding manual atau menggunakan AI ? Jelaskan workflow Anda. Deskripsikan dengan Persentasenya ( Ex : AI 40% , Manual 60% )","text","","AI 20%, manual 80%. Saya menggunakan AI untuk brainstorming, mencari alternatif solusi, membuat draft kode, dan membantu debugging. Implementasi utama, penyesuaian arsitektur, validasi keamanan, pengujian, dan code review tetap saya kerjakan secara manual."
"Ketika mendapat project baru, misalnya sistem produksi atau warehouse, bagaimana cara Anda memulai pengerjaannya?","text","","Saya memulai dengan memahami tujuan bisnis dan alur kerja pengguna, lalu mengidentifikasi fitur utama, aktor, kebutuhan data, serta integrasi yang diperlukan. Setelah itu saya menyusun requirement, database schema, API, dan prioritas pengerjaan, membuat prototype atau MVP, menguji setiap modul, lalu melakukan deployment dan perbaikan berdasarkan feedback pengguna."
"Seberapa mahir kamu dengan keahlian berikut ini? - Oracle ERP","radiobutton","Tidak Berpengalaman | Dasar | Menengah | Ahli","Tidak Berpengalaman"
"How much experience do you have in the following industry? - Retail","radiobutton","Tidak Berpengalaman | <1 thn | 1 - 3 thn | 3 - 5 thn | 5 - 10 thn | 10+ thn","Tidak Berpengalaman"
"Are you available to come to our office for the offline interview? (Mandatory)","text","","Yes"
"Apakah Anda pernah menggunakan Microsoft Defender","radiobutton","Microsoft Sentinel","Microsoft Sentinel"
"Apakah kamu punya dokumen/sertifikat dibawah ini yang masih valid dan berlaku? - Sertifikat Cisco","radiobutton","Ya | Tidak","Tidak"
"Apakah kamu punya dokumen/sertifikat dibawah ini yang masih valid dan berlaku? - Sertifikat CISSP (Certified Information Systems Security Professional)","radiobutton","Ya | Tidak","Tidak"
"Apakah kamu punya dokumen/sertifikat dibawah ini yang masih valid dan berlaku? - Sertifikat GoogleAds","radiobutton","Ya | Tidak","Tidak"
"Seberapa mahir kamu dengan keahlian berikut ini? - RabbitMQ","radiobutton","Tidak Berpengalaman | Dasar | Menengah | Ahli","Tidak Berpengalaman"
"How many years' experience do you have as an Odoo Developer?","dropdown","No experience | Less than 1 year | 1 year | 2 years | 3 years | 4 years | 5 years | More than 5 years","Less than 1 year"
"How many years' experience do you have in a software development role?","dropdown","No experience | Less than 1 year | 1 year | 2 years | 3 years | 4 years | 5 years | More than 5 years","Less than 1 year"
"Berapa tahun pengalaman kerjamu sebagai pengembang .net?","dropdown","Tidak ada pengalaman | Kurang dari 1 tahun | 1 tahun | 2 tahun | 3 tahun | 4 tahun | 5 tahun | Lebih dari 5 tahun","Kurang dari 1 tahun"
"How many years' experience do you have as a Spring Boot Developer?","dropdown","No experience | Less than 1 year | 1 year | 2 years | 3 years | 4 years | 5 years | More than 5 years","Less than 1 year"
"How many years experience in Natural Resource Management do you have?","dropdown","No experience | Less than 1 year | 1 year | 2 years | 3 years | 4 years | 5 years | More than 5 years","Less than 1 year"
"How many years' experience do you have as a Wordpress Developer?","dropdown","No experience | Less than 1 year | 1 year | 2 years | 3 years | 4 years | 5 years | More than 5 years","Less than 1 year"
"Alat analisis web apa saja di bawah ini yang bisa kamu gunakan?","checklist","Omniture | Google Analytics | Chartbeat | SAS Web Analytics | Tableau | Marin | Coremetrics | Piwik | Crazy Egg | Webtrends | Unica | Tidak satupun","Tidak satupun"
"Metode periklanan online apa saja di bawah ini yang bisa kamu gunakan?","checklist","Pay per click | Iklan media sosial | Google AdWords | Iklan display | Iklan banner | Tidak satupun","Tidak satupun"
"How many years' experience do you have as a Golang Engineer?","dropdown","No experience | Less than 1 year | 1 year | 2 years | 3 years | 4 years | 5 years | More than 5 years","Less than 1 year"
"How many years' experience do you have as a PHP Engineer?","dropdown","No experience | Less than 1 year | 1 year | 2 years | 3 years | 4 years | 5 years | More than 5 years","Less than 1 year"
"How many years' experience do you have as a Python Engineer?","dropdown","No experience | Less than 1 year | 1 year | 2 years | 3 years | 4 years | 5 years | More than 5 years","Less than 1 year"
"How many years' experience do you have as a Sales and Marketing Staff?","dropdown","No experience | Less than 1 year | 1 year | 2 years | 3 years | 4 years | 5 years | More than 5 years","Less than 1 year"
"Berapa tahun pengalaman kerjamu sebagai software engineer?","dropdown","Tidak ada pengalaman | Kurang dari 1 tahun | 1 tahun | 2 tahun | 3 tahun | 4 tahun | 5 tahun | Lebih dari 5 tahun","Kurang dari 1 tahun"
"How many years' experience do you have as a PostgreSQL Administrator?","dropdown","No experience | Less than 1 year | 1 year | 2 years | 3 years | 4 years | 5 years | More than 5 years","Less than 1 year"
"How many years' experience do you have as a Systems Developer?","dropdown","No experience | Less than 1 year | 1 year | 2 years | 3 years | 4 years | 5 years | More than 5 years","Less than 1 year"
"Berapa tahun pengalaman kerjamu sebagai Analis Proses Bisnis?","dropdown","Tidak ada pengalaman | Kurang dari 1 tahun | 1 tahun | 2 tahun | 3 tahun | 4 tahun | 5 tahun | Lebih dari 5 tahun","Kurang dari 1 tahun"
"Berapa tahun pengalaman kerjamu sebagai Operator Sistem?","dropdown","Tidak ada pengalaman | Kurang dari 1 tahun | 1 tahun | 2 tahun | 3 tahun | 4 tahun | 5 tahun | Lebih dari 5 tahun","Kurang dari 1 tahun"
"Apakah kamu tinggal di Tangerang pada saat ini?","radiobutton","Ya | Tidak","Tidak"
"Seberapa mahir kamu dengan keahlian berikut ini? - Ionic Framework","radiobutton","Tidak Berpengalaman | Dasar | Menengah | Ahli","Tidak Berpengalaman"
"Apakah kamu tinggal di Tangerang Selatan pada saat ini?","radiobutton","Ya | Tidak","Tidak"
"How many years' experience do you have as a Golang Backend Engineer?","dropdown","No experience | Less than 1 year | 1 year | 2 years | 3 years | 4 years | 5 years | More than 5 years","Less than 1 year"
"How many years' experience do you have as a Generative AI Engineer?","dropdown","No experience | Less than 1 year | 1 year | 2 years | 3 years | 4 years | 5 years | More than 5 years","Less than 1 year"
"How many years' experience do you have as a Computer Vision Engineer?","dropdown","No experience | Less than 1 year | 1 year | 2 years | 3 years | 4 years | 5 years | More than 5 years","Less than 1 year"
"How many years' experience do you have as a Microservices Developer?","dropdown","No experience | Less than 1 year | 1 year | 2 years | 3 years | 4 years | 5 years | More than 5 years","Less than 1 year"
"How many years' experience do you have as a Backend Team Leader?","dropdown","No experience | Less than 1 year | 1 year | 2 years | 3 years | 4 years | 5 years | More than 5 years","Less than 1 year"
"How many years' experience do you have as a COBOL Developer?","dropdown","No experience | Less than 1 year | 1 year | 2 years | 3 years | 4 years | 5 years | More than 5 years","Less than 1 year"
"How many years of Back-End Development experience do you have?","dropdown","No experience | Less than 1 year | 1 year | 2 years | 3 years | 4 years | 5 years | More than 5 years","Less than 1 year"
"How many years' experience do you have as a Golang Backend Developer?","dropdown","No experience | Less than 1 year | 1 year | 2 years | 3 years | 4 years | 5 years | More than 5 years","Less than 1 year"
"How many years' experience do you have as a SAP Developer?","dropdown","No experience | Less than 1 year | 1 year | 2 years | 3 years | 4 years | 5 years | More than 5 years","Less than 1 year"
"How many years' experience do you have as a Salesforce Developer?","dropdown","No experience | Less than 1 year | 1 year | 2 years | 3 years | 4 years | 5 years | More than 5 years","Less than 1 year"
"How many years' experience do you have in a Quality Assurance Role?","dropdown","No experience | Less than 1 year | 1 year | 2 years | 3 years | 4 years | 5 years | More than 5 years","Less than 1 year"
"Berapa tahun pengalaman kerjamu sebagai Spesialis Search Engine Optimisation?","dropdown","Tidak ada pengalaman | Kurang dari 1 tahun | 1 tahun | 2 tahun | 3 tahun | 4 tahun | 5 tahun | Lebih dari 5 tahun","Kurang dari 1 tahun"
"Berapa tahun pengalaman kerjamu di bidang manajemen proyek?","dropdown","Tidak ada pengalaman | Kurang dari 1 tahun | 1 tahun | 2 tahun | 3 tahun | 4 tahun | 5 tahun | Lebih dari 5 tahun","Kurang dari 1 tahun"
"Content Management System (CMS) apa saja di bawah ini yang dapat kamu gunakan?","checklist","Squiz | WordPress | Sitefinity | EpiServer | Umbraco | Matrix | Adobe CQ5 | Joomla | Drupal | FatWire | Sitecore | Vignette | Magento | SharePoint | Tidak satupun","Tidak satupun"
"How many years' experience do you have as a Penetration Tester?","dropdown","No experience | Less than 1 year | 1 year | 2 years | 3 years | 4 years | 5 years | More than 5 years","Less than 1 year"
"How many years' experience do you have as a Quality Assurance Lead?","dropdown","No experience | Less than 1 year | 1 year | 2 years | 3 years | 4 years | 5 years | More than 5 years","Less than 1 year"
"Berapa tahun pengalaman kerjamu sebagai Staf Quality Assurance?","dropdown","Tidak ada pengalaman | Kurang dari 1 tahun | 1 tahun | 2 tahun | 3 tahun | 4 tahun | 5 tahun | Lebih dari 5 tahun","Kurang dari 1 tahun"
"How many years' experience do you have as an Application Support Engineer?","dropdown","No experience | Less than 1 year | 1 year | 2 years | 3 years | 4 years | 5 years | More than 5 years","Less than 1 year"
"Which of the following Linux distributions are you familiar with?","checklist","SUSE | CentOS | Debian | CoreOS | SME Server | Ubuntu | Pentoo | Red Hat (RHEL) | Chromium | OpenWRT | Fedora | Scientific Linux | Vyatta | None of these","None of these"
"How many years' experience do you have as an Information Technology Supervisor?","dropdown","No experience | Less than 1 year | 1 year | 2 years | 3 years | 4 years | 5 years | More than 5 years","Less than 1 year"
"Seberapa mahir kamu dengan bahasa berikut? - Mandarin","radiobutton","Tidak | Menengah | Profesional | Mahir-Fasih","Tidak"
"How many years' experience do you have as an iOS Engineer?","dropdown","No experience | Less than 1 year | 1 year | 2 years | 3 years | 4 years | 5 years | More than 5 years","Less than 1 year"
"Berapa tahun pengalaman kerjamu sebagai Konsultan Teknis?","dropdown","Tidak ada pengalaman | Kurang dari 1 tahun | 1 tahun | 2 tahun | 3 tahun | 4 tahun | 5 tahun | Lebih dari 5 tahun","Kurang dari 1 tahun"
"How many years' experience do you have as a Cloud Consultant?","dropdown","No experience | Less than 1 year | 1 year | 2 years | 3 years | 4 years | 5 years | More than 5 years","Less than 1 year"
"How many years' experience do you have as a Solutions Architect?","dropdown","No experience | Less than 1 year | 1 year | 2 years | 3 years | 4 years | 5 years | More than 5 years","Less than 1 year"
"How many years of SaaS Implementation experience do you have?","dropdown","No experience | Less than 1 year | 1 year | 2 years | 3 years | 4 years | 5 years | More than 5 years","Less than 1 year"
"How many years of Microservices Development experience do you have?","dropdown","No experience | Less than 1 year | 1 year | 2 years | 3 years | 4 years | 5 years | More than 5 years","Less than 1 year"
"How many years' experience do you have as a Kubernetes Engineer?","dropdown","No experience | Less than 1 year | 1 year | 2 years | 3 years | 4 years | 5 years | More than 5 years","Less than 1 year"
"How many years' experience do you have as an ios developer?","dropdown","No experience | Less than 1 year | 1 year | 2 years | 3 years | 4 years | 5 years | More than 5 years","Less than 1 year"
"How many years of iOS development experience do you have?","dropdown","No experience | Less than 1 year | 1 year | 2 years | 3 years | 4 years | 5 years | More than 5 years","Less than 1 year"
"How many years' experience do you have as a systems analyst?","dropdown","No experience | Less than 1 year | 1 year | 2 years | 3 years | 4 years | 5 years | More than 5 years","Less than 1 year"
"How many years' experience do you have in a DevOps role?","dropdown","No experience | Less than 1 year | 1 year | 2 years | 3 years | 4 years | 5 years | More than 5 years","Less than 1 year"
"How many years' experience do you have as a Partnership Specialist?","dropdown","No experience | Less than 1 year | 1 year | 2 years | 3 years | 4 years | 5 years | More than 5 years","Less than 1 year"
"Have you completed an English language proficiency certification?","checklist","Yes, the International English Language Testing System (IELTS) certificate | Yes, the Test of English as a Foreign Language (TOEFL) certificate | Yes, the Test of English for International Communication (TOEIC) certificate | I have an English language proficiency certification which isn't listed | I don't have an English language proficiency certification","I don't have an English language proficiency certification"
"How many years' experience do you have as an Application Architect?","dropdown","No experience | Less than 1 year | 1 year | 2 years | 3 years | 4 years | 5 years | More than 5 years","Less than 1 year"
"How many years' experience do you have as a Head of Software Solution?","dropdown","No experience | Less than 1 year | 1 year | 2 years | 3 years | 4 years | 5 years | More than 5 years","Less than 1 year"
"How many years' experience do you have as a .Net Lead?","dropdown","No experience | Less than 1 year | 1 year | 2 years | 3 years | 4 years | 5 years | More than 5 years","Less than 1 year"
"Berapa tahun pengalaman kerjamu sebagai manajer teknilk / engineering manager?","dropdown","Tidak ada pengalaman | Kurang dari 1 tahun | 1 tahun | 2 tahun | 3 tahun | 4 tahun | 5 tahun | Lebih dari 5 tahun","Kurang dari 1 tahun"
"Berapa tahun pengalaman kerjamu di bidang people management?","dropdown","Tidak ada pengalaman | Kurang dari 1 tahun | 1 tahun | 2 tahun | 3 tahun | 4 tahun | 5 tahun | Lebih dari 5 tahun","Kurang dari 1 tahun"
"How many years' experience do you have as a .Net Core Developer?","dropdown","No experience | Less than 1 year | 1 year | 2 years | 3 years | 4 years | 5 years | More than 5 years","Less than 1 year"
"How many years' experience do you have as an Artificial Intelligence Engineer?","dropdown","No experience | Less than 1 year | 1 year | 2 years | 3 years | 4 years | 5 years | More than 5 years","Less than 1 year"
"Berapa tahun pengalaman kerjamu di bidang perencanaan dan penjadwalan proyek?","dropdown","Tidak ada pengalaman | Kurang dari 1 tahun | 1 tahun | 2 tahun | 3 tahun | 4 tahun | 5 tahun | Lebih dari 5 tahun","Kurang dari 1 tahun"
"Produk ERP apa saja di bawah ini yang bisa kamu gunakan?","checklist","Odoo ERP | SAP Business One | NetSuite | Sage Intacct | Oracle's E-Business Suite | ECount | PeopleSoft | Microsoft Dynamics AX (Axapta) | Microsoft Dynamics NAV (Navison) | Industrial and Financial System (IFS) | QAD MFG / Pro | Compiere | FinancialForce ERP | WorkWise ERP | ERPNext | VersAccounts Cloud | Workday | Tidak satupun","Tidak satupun"
"Which of these industries have you worked in?","checklist","Construction, Design & Engineering | Education, Training & Research | Electricity, Gas, Water & Waste Services | Employment, Outsourcing & Facilities | Financial & Insurance Services | Food, Hospitality & Tourism | Government, Defence & Public Safety | Healthcare & Social Assistance | Information & Communication Technology (ICT) | Manufacturing | Media, Advertising & Online | Personal, Home & Vehicle Services | Primary Industries & Metals | Professional Services | Real Estate & Property Services | Retail & Wholesale | Transport & Logistics | None of these","Information & Communication Technology (ICT)"
"How many years' experience do you have as an android developer?","dropdown","No experience | Less than 1 year | 1 year | 2 years | 3 years | 4 years | 5 years | More than 5 years","Less than 1 year"
"How many years of Android development experience do you have?","dropdown","No experience | Less than 1 year | 1 year | 2 years | 3 years | 4 years | 5 years | More than 5 years","Less than 1 year"
"How many years' experience do you have as an AS400 Developer?","dropdown","No experience | Less than 1 year | 1 year | 2 years | 3 years | 4 years | 5 years | More than 5 years","Less than 1 year"
"How many years' experience do you have in an Application Support Role?","dropdown","No experience | Less than 1 year | 1 year | 2 years | 3 years | 4 years | 5 years | More than 5 years","Less than 1 year"
"Berapa tahun pengalaman kerjamu sebagai Divisi Manager?","dropdown","Tidak ada pengalaman | Kurang dari 1 tahun | 1 tahun | 2 tahun | 3 tahun | 4 tahun | 5 tahun | Lebih dari 5 tahun","Kurang dari 1 tahun"
"How many years' experience do you have as an AWS Cloud Engineer?","dropdown","No experience | Less than 1 year | 1 year | 2 years | 3 years | 4 years | 5 years | More than 5 years","Less than 1 year"
"How many years' experience do you have as a Development Specialist?","dropdown","No experience | Less than 1 year | 1 year | 2 years | 3 years | 4 years | 5 years | More than 5 years","Less than 1 year"
"How many years of front end development experience do you have?","dropdown","No experience | Less than 1 year | 1 year | 2 years | 3 years | 4 years | 5 years | More than 5 years","Less than 1 year"
"How many years' experience do you have as a Node JS Developer?","dropdown","No experience | Less than 1 year | 1 year | 2 years | 3 years | 4 years | 5 years | More than 5 years","Less than 1 year"
"Berapa tahun pengalaman kerjamu di bidang digital marketing?","dropdown","Tidak ada pengalaman | Kurang dari 1 tahun | 1 tahun | 2 tahun | 3 tahun | 4 tahun | 5 tahun | Lebih dari 5 tahun","Kurang dari 1 tahun"
"Library/framework back end apa saja di bawah ini yang bisa kamu gunakan?","checklist","CodeIgniter | Yii | Joomla | CakePHP | Zend | Django | Ruby on Rails | Struts 2 | Symfony | Apache | SciPy | Play | NumPy | Grails | Tidak satupun","Tidak satupun"
"How many years experience in Full Stack Java Development do you have?","dropdown","No experience | Less than 1 year | 1 year | 2 years | 3 years | 4 years | 5 years | More than 5 years","Less than 1 year"
"Software pelacakan issue dan bug apa saja di bawah ini yang bisa kamu gunakan?","checklist","Team Foundation Server (TFS) | Kayako | ClearQuest | JIRA | Wrike | SysAid | Pivotal Tracker | Bugzilla | HP Quality Centre | FogBugz | Trac | Rational Team Concert | Tidak satupun","Tidak satupun"
"Berapa tahun pengalaman kerjamu sebagai pengembang aplikasi?","dropdown","Tidak ada pengalaman | Kurang dari 1 tahun | 1 tahun | 2 tahun | 3 tahun | 4 tahun | 5 tahun | Lebih dari 5 tahun","Kurang dari 1 tahun"
"How many years' experience do you have as an Internet of Things Engineer?","dropdown","No experience | Less than 1 year | 1 year | 2 years | 3 years | 4 years | 5 years | More than 5 years","Less than 1 year"
"How many years' experience do you have as an Angular Developer?","dropdown","No experience | Less than 1 year | 1 year | 2 years | 3 years | 4 years | 5 years | More than 5 years","Less than 1 year"
"Berapa tahun pengalaman kerjamu sebagai manajer teknologi informasi?","dropdown","Tidak ada pengalaman | Kurang dari 1 tahun | 1 tahun | 2 tahun | 3 tahun | 4 tahun | 5 tahun | Lebih dari 5 tahun","Kurang dari 1 tahun"
"Berapa tahun pengalaman kerjamu sebagai pengembang produk?","dropdown","Tidak ada pengalaman | Kurang dari 1 tahun | 1 tahun | 2 tahun | 3 tahun | 4 tahun | 5 tahun | Lebih dari 5 tahun","Kurang dari 1 tahun"
"Berapa tahun pengalaman kerjamu sebagai pengembang java?","dropdown","Tidak ada pengalaman | Kurang dari 1 tahun | 1 tahun | 2 tahun | 3 tahun | 4 tahun | 5 tahun | Lebih dari 5 tahun","Kurang dari 1 tahun"
"How many years' experience do you have as a Backend Engineer?","dropdown","No experience | Less than 1 year | 1 year | 2 years | 3 years | 4 years | 5 years | More than 5 years","Less than 1 year"
"How many years' experience do you have as a Ruby on Rails Developer?","dropdown","No experience | Less than 1 year | 1 year | 2 years | 3 years | 4 years | 5 years | More than 5 years","Less than 1 year"
"Which of the following accounting software are you experienced with?","checklist","Keysoft ERP | Accurate | Zahir | MYOB | Microsoft Dynamics | SAP Business One | Quickbooks | Oracle | Quicken | Sleekr | SQL | None of these","None of these"
"Berapa tahun pengalaman kerjamu di Industri Teknik?","dropdown","Tidak ada pengalaman | Kurang dari 1 tahun | 1 tahun | 2 tahun | 3 tahun | 4 tahun | 5 tahun | Lebih dari 5 tahun","Kurang dari 1 tahun"
"How many years' experience do you have as an Information Technology Support Role?","text","","0"
"How many years' experience do you have as a Website Developer?","text","","1"
"How many years' experience do you have as a Full Stack .Net Developer?","dropdown","No experience | Less than 1 year | 1 year | 2 years | 3 years | 4 years | 5 years | More than 5 years","Less than 1 year"
"How many years' experience do you have as a Software Engineering Intern?","dropdown","No experience | Less than 1 year | 1 year | 2 years | 3 years | 4 years | 5 years | More than 5 years","Less than 1 year"
"How many years of Cloud Engineering experience do you have?","dropdown","Tidak ada pengalaman | Kurang dari 1 tahun | 1 tahun | 2 tahun | 3 tahun | 4 tahun | 5 tahun | Lebih dari 5 tahun","Kurang dari 1 tahun"
"How many years' experience do you have as a .Net Backend Engineer?","dropdown","No experience | Less than 1 year | 1 year | 2 years | 3 years | 4 years | 5 years | More than 5 years","Less than 1 year"
"Seberapa mahir kamu dengan keahlian berikut ini? - Pengembangan Aplikasi Mobile","radiobutton","Tidak Berpengalaman | Dasar | Menengah | Ahli","Menengah"
"Seberapa mahir kamu dengan keahlian berikut ini? - Jaringan","radiobutton","Tidak Berpengalaman | Dasar | Menengah | Ahli","Tidak Berpengalaman"
"Seberapa mahir kamu dengan keahlian berikut ini? - Kubernetes","radiobutton","Tidak Berpengalaman | Dasar | Menengah | Ahli","Tidak Berpengalaman"
"Seberapa mahir kamu dengan keahlian berikut ini? - manajemen sistem komputasi awan","radiobutton","Tidak Berpengalaman | Dasar | Menengah | Ahli","Tidak Berpengalaman"
"Seberapa mahir kamu dengan keahlian berikut ini? - Otomatisasi QA","radiobutton","Tidak Berpengalaman | Dasar | Menengah | Ahli","Dasar"
"Seberapa mahir kamu dengan keahlian berikut ini? - Pengujian QA","radiobutton","Tidak Berpengalaman | Dasar | Menengah | Ahli","Dasar"
"Seberapa mahir kamu dengan keahlian berikut ini? - Cloud Computing","radiobutton","Tidak Berpengalaman | Dasar | Menengah | Ahli","Tidak Berpengalaman"
"Seberapa mahir kamu dengan keahlian berikut ini? - Pemecahan Masalah","radiobutton","Tidak Berpengalaman | Dasar | Menengah | Ahli","Menengah"
"Apakah kamu tinggal di Depok pada saat ini?","radiobutton","Ya | Tidak","Tidak"
"Seberapa mahir kamu dengan keahlian berikut ini? - Pemeliharaan Sistem","radiobutton","Tidak Berpengalaman | Dasar | Menengah | Ahli","Dasar"
"Seberapa mahir kamu dengan keahlian berikut ini? - Kemampuan Komunikasi","radiobutton","Tidak Berpengalaman | Dasar | Menengah | Ahli","Menengah"
"Seberapa mahir kamu dengan keahlian berikut ini? - Bahasa Pemrograman","radiobutton","Tidak Berpengalaman | Dasar | Menengah | Ahli","Menengah"
"Ceritakan pengalaman Anda membuat sistem HRIS/ERP dari nol. Sebutkan juga tech stack (framework Frontend & Backend) yang Anda gunakan.","text","","Saya belum memiliki pengalaman langsung membangun sistem HRIS atau ERP dari nol. Saya memiliki pengalaman pengembangan aplikasi web menggunakan Laravel dan PHP pada backend, serta JavaScript, React, Next.js, Vue.js, atau Svelte pada frontend, dengan database MySQL, PostgreSQL, atau MongoDB."
"Lampirkan link portofolio, GitHub, atau live project dari aplikasi atau sistem kompleks yang pernah Anda kembangkan sebelumnya.","text","","https://github.com/itzluthfi"
"Berapa ekspektasi gaji bulanan (Gross/Nett) Anda, dan berapa lama waktu notice period yang dibutuhkan sebelum bisa bergabung?","text","","Ekspektasi gaji Rp 4500000 gross per bulan. Saya dapat bergabung immediately tanpa notice period."
"Seberapa mahir kamu dengan keahlian berikut ini? - Whatsapp Business API","radiobutton","Tidak Berpengalaman | Dasar | Menengah | Ahli","Tidak Berpengalaman"
"Seberapa mahir kamu dengan keahlian berikut ini? - Fullstack Development","radiobutton","Tidak Berpengalaman | Dasar | Menengah | Ahli","Menengah"
"Seberapa mahir kamu dengan keahlian berikut ini? - Pengembangan Frontend","radiobutton","Tidak Berpengalaman | Dasar | Menengah | Ahli","Menengah"
"How many years' experience do you have as a Presales Engineer?","dropdown","No experience | Less than 1 year | 1 year | 2 years | 3 years | 4 years | 5 years | More than 5 years","Less than 1 year"
"How many years' experience do you have as an Integration Engineer?","dropdown","No experience | Less than 1 year | 1 year | 2 years | 3 years | 4 years | 5 years | More than 5 years","Less than 1 year"
"Berapa Nominal Gaji terakhir Anda?","text","","Tidak diketahui"
"Seberapa mahir kamu dengan keahlian berikut ini? - SAP","radiobutton","Tidak Berpengalaman | Dasar | Menengah | Ahli","Tidak Berpengalaman"
"Apakah Anda dapat bergabung secara cepat/ASAP, atau jika terdapat notice, berapa bulan Notice Anda?","text","","Immediately"
"How many years' experience do you have as a Software Project Manager?","dropdown","No experience | Less than 1 year | 1 year | 2 years | 3 years | 4 years | 5 years | More than 5 years","Less than 1 year"
"How many years' experience do you have with project planning and scheduling?","dropdown","No experience | Less than 1 year | 1 year | 2 years | 3 years | 4 years | 5 years | More than 5 years","Less than 1 year"
"Which of the following PMI certifications have you completed?","checklist","Project Management Professional (PMP) | Program Management Professional (PgMP) | Portfolio Management Professional (PfMP) | Certified Associate in Project Management (CAPM) | PMI Professional in Business Analysis (PMI-PBA) | PMI Agile Certified Practitioner (PMI-ACP) | PMI Risk Management Professional (PMI-RMP) | PMI Scheduling Professional (PMI-SP) | No such certification","No such certification"
"How much experience do you have in the following industry? - Manufacturing","radiobutton","Tidak Berpengalaman | <1 thn | 1 - 3 thn | 3 - 5 thn | 5 - 10 thn | 10+ thn","Tidak Berpengalaman"
"How much experience do you have in the following industry? - Fast-Moving Consumer Goods (FMCG)","radiobutton","Tidak Berpengalaman | <1 thn | 1 - 3 thn | 3 - 5 thn | 5 - 10 thn | 10+ thn","Tidak Berpengalaman"
"How many years' experience do you have as a Robotics Software Engineer?","dropdown","No experience | Less than 1 year | 1 year | 2 years | 3 years | 4 years | 5 years | More than 5 years","Less than 1 year"
"How many years' experience do you have as an Artificial Intelligence Developer?","dropdown","No experience | Less than 1 year | 1 year | 2 years | 3 years | 4 years | 5 years | More than 5 years","Less than 1 year"
"How many years' experience do you have as an Information Technology Project Manager?","dropdown","No experience | Less than 1 year | 1 year | 2 years | 3 years | 4 years | 5 years | More than 5 years","Less than 1 year"
"How many years' experience do you have as a Robotic Process Automation Developer?","dropdown","No experience | Less than 1 year | 1 year | 2 years | 3 years | 4 years | 5 years | More than 5 years","Less than 1 year"
"How many years of work experience do you have with Back-End Web Development?","text","","1"
"Have you completed the following level of education: Bachelor's Degree?Have you completed the following level of education: Bachelor's Degree? Required","radiobutton","Yes | No","No"
"Are you comfortable working in an onsite setting?Are you comfortable working in an onsite setting? Required","radiobutton","Yes | No","Yes"
"We must fill this position urgently. Can you start immediately?We must fill this position urgently. Can you start immediately? Required","radiobutton","Yes | No","Yes"
"What is your level of proficiency in English?What is your level of proficiency in English?","dropdown","None | Conversational | Professional | Native or bilingual","Conversational"
"Do you have experience in building, maintaining, or modifying CI/CD pipelines?Do you have experience in building, maintaining, or modifying CI/CD pipelines?","dropdown","Yes | No","No"
"How many years of work experience do you have with .NET?","text","","0"
"How many years of work experience do you have with Unity?","text","","0"
"Are you willing to be placed in banking industry?Are you willing to be placed in banking industry?","dropdown","Yes | No","Yes"
"What is your current notice period? Immediately (0) / 2 Weeks (2) / 1 Month (1) / More than a month (00)","text","","0"
"What is your expected salary?","text","","4500000"
"How many years of work experience do you have with Database Administration?","text","","0"
"Are you willing to undergo a background check, in accordance with local law/regulations?Are you willing to undergo a background check, in accordance with local law/regulations? Required","radiobutton","Yes | No","Yes"
"How many years of work experience do you have with Agile & Waterfall Methodologies?","text","","0"
"How many years of work experience do you have with Project Delivery?","text","","1"
"How many years of work experience do you have with Software Development Life Cycle (SDLC)?","text","","1"
"How many years of work experience do you have with OutSystems?","text","","0"
"How many years of work experience do you have with Jira?","text","","0"
"How many years of work experience do you have with Microsoft Project?","text","","0"
"Since this is a remote role, the client requires candidates who can use their own machine on the project. Do you have a laptop that you can use for this project?Since this is a remote role, the client requires candidates who can use their own machine on the project. Do you have a laptop that you can use for this project?","dropdown","Yes | No","Yes"
"What is your notice period in days? Type ""0"" if you're an immediate starter.","text","","0"
"What is your current monthly rate (USD)?","text","","280"
"What is your expected rate (USD)?","text","","280"
"How many years of experience do you have working with large or highly complex codebases, including architecture optimization and scalability improvements?","text","","1"
"How many years of experience do you have building AI integrations and the server-side/backend infrastructure supporting AI-powered applications?","text","","0"
"How many years of work experience do you have with Amazon S3?","text","","0"
"Are you comfortable working in a hybrid setting?Are you comfortable working in a hybrid setting? Required","radiobutton","Yes | No","Yes"
"Are you comfortable commuting to this job's location?Are you comfortable commuting to this job's location? Required","radiobutton","Yes | No","Yes"
"What is your expectation salary?","text","","4500000"
"How many years of work experience do you have with Grafana, SolarWinds Orion, Datadog?","text","","0"
"How many years of work experience do you have as Platform Analyst?","text","","0"
"How many years of work experience do you have with JSON?","text","","1"
"Are you comfortable working in a full work from office setting, Monday-Friday? (Our office is in SCBD area)Are you comfortable working in a full work from office setting, Monday-Friday? (Our office is in SCBD area)","dropdown","Yes | No","No"
"Are you legally authorized to work in Indonesia?Are you legally authorized to work in Indonesia? Required","radiobutton","Yes | No","Yes"
"How many years of work experience do you have with Closed-Circuit Television (CCTV)?","text","","0"
"How many years of work experience do you have with Access Control Management?","text","","0"
"How many years of work experience do you have with Security Systems?","text","","0"
"How many years of Project Management experience do you currently have?","text","","0"
"Will you now or in the future require sponsorship for employment visa status?Will you now or in the future require sponsorship for employment visa status? Required","radiobutton","Yes | No","No"
"How many years of work experience do you have with Jenkins?","text","","0"
"How many years of work experience do you have with Kubernetes?","text","","0"
"How many years of Computer Games experience do you currently have?","text","","0"
"How many years of work experience do you have with GitHub?","text","","1"
"What term best describes your gender identity?What term best describes your gender identity?","radiobutton","Woman | Man | Preferred option not listed | Prefer not to disclose","Prefer not to disclose"
"Do you have a disability? Do you have a disability?","radiobutton","Yes | No | Prefer not to disclose","Prefer not to disclose"
"Do you currently have the right to work in the country where the job you are applying for is located? Do you currently have the right to work in the country where the job you are applying for is located? Required","radiobutton","Yes | No","Yes"
"Do you now, or will you in the future, require sponsorship for employment visa status to work in the country where the job you are applying for is located? Do you now, or will you in the future, require sponsorship for employment visa status to work in the country where the job you are applying for is located? Required","radiobutton","Yes | No","No"
"How many years of work experience do you have with ASP.NET?","text","","0"
"How many years of work experience do you have with Security Information and Event Management (SIEM)?","text","","0"
"How many years of work experience do you have with Powershell?","text","","0"
"How many years of Computer and Network Security experience do you currently have?","text","","0"
"How many years of work experience do you have with Bash?","text","","0"
"Berapa tahun pengalaman Anda bekerja di e-commerce atau marketplace platform?","text","","0"
"How many years of work experience do you have with Sales?","text","","0"
"How many years of work experience do you have with Relationship Marketing?","text","","0"
"How many years of work experience do you have with Interpersonal Communication?","text","","1"
"Are you available to work as an independent contractor / service contract (no permanent employment)? (Yes/No)Are you available to work as an independent contractor / service contract (no permanent employment)? (Yes/No)","dropdown","Yes | No","Yes"
"Can you commit to full-time hours with fixed daily responsibilities (not project-based)? (Yes/No) Can you commit to full-time hours with fixed daily responsibilities (not project-based)? (Yes/No)","dropdown","Yes | No","Yes"
"Is the salary range of SGD 900–1,500/month acceptable for your experience level? (Yes/No) Is the salary range of SGD 900–1,500/month acceptable for your experience level? (Yes/No)","dropdown","Yes | No","Yes"
"How many years of experience do you have designing and implementing offline-first architectures with data synchronization?","text","","0"
"How many years of professional software development experience do you have?","text","","1"
"How many years have you worked with Flutter in production environments?","text","","0"
"How long have you been developing applications for iOS using Flutter? (Requirement: 3+ years)","text","","0"
"How many years of experience do you have developing for Android with Flutter? (Requirement: 3+ years)","text","","0"
"How long have you worked with Flutter Web development?","text","","0"
"How many years of experience do you have with state management in Flutter (BLoC, Cubit, Riverpod, or Provider)?","text","","0"
"How long have you been working with local persistence technologies (SQLite, Drift, Isar, or Hive)?","text","","0"
"Are you comfortable working fully on-site in North Jakarta?Are you comfortable working fully on-site in North Jakarta?","dropdown","Yes | No","No"
"Are you willing to use your own device for work?Are you willing to use your own device for work?","dropdown","Yes | No","No"
"What is your current gross salary?","text","","Tidak disebutkan"
"What is your expected gross salary?","text","","4500000"
"How many days notice do you need?","text","","0"
"Are you willing to work fully onsite (WFO) at our Head Office in Mampang?Are you willing to work fully onsite (WFO) at our Head Office in Mampang?","dropdown","Yes | No","No"
"What is your current Nett salary?","text","","Tidak disebutkan"
"What is your expected Nett salary?","text","","4500000"
"What is your notice period?","text","","Immediately"
"How many years of work experience do you have with Presales Technical Support?","text","","0"
"Do you have hands-on experience building applications using Large Language Models (LLMs) or Generative AI?Do you have hands-on experience building applications using Large Language Models (LLMs) or Generative AI?","dropdown","Yes | No","No"
"Have you deployed AI or ML applications into a production environment?Have you deployed AI or ML applications into a production environment?","dropdown","Yes | No","No"
"How many years of work experience do you have with LangChain?","text","","0"
"How many years of work experience do you have with Retrieval-Augmented Generation (RAG)?","text","","0"
"How many years of work experience do you have with Agentic AI Development?","text","","0"
"How many years of hands-on experience do you have in AI/ML Engineering, AI Application Development, or Workflow Automation?","text","","0"
"If you are accepted, what is your expected gross salary?","text","","4500000"
"I give my consent to the processing of the above personal data for recruitment purposes.I give my consent to the processing of the above personal data for recruitment purposes.","dropdown","Yes | No","Yes"
"How many years of work experience do you have with Trello?","text","","0"
"How many years of work experience do you have with webMethods Integration Server?","text","","0"
"How many years of work experience do you have with Middleware?","text","","0"
"How many years of Pharmaceutical Manufacturing experience do you currently have?","text","","0"
"How many Years of Computer Vision experience do you have?","text","","0"
"What is your current Salary? (Annually)","text","","0"
"What is your expected Salary? (Annually)","text","","54000000"
"Please state your current/latest drawn salary (Gross)","text","","N/A"
"Current salary (IDR)","text","","N/A"
"Gross Expected salary (IDR)","text","","4500000"
"How many years of work experience do you have with Content Security?","text","","0"
"How many years of work experience do you have with Communication?","text","","1"
"Are you willing to work night shift? Are you willing to work night shift?","dropdown","Yes | No","No"
"What is your expected monthly compensation in local currency? (IDR)","text","","4500000"
"How long is your notice period? (in months)","text","","0"
"How many years of experience do you have in Technical Support Engineer?","text","","0"
"How many years of experience do you have using Next.js or another frontend frameworks?","text","","1"
"What is your current gross salary? (in IDR)","text","","N/A"
"What is your expected gross salary? (in IDR)","text","","4500000"
"How long is your notice periode? (in weeks)","text","","0"
"How many years' experience do you have as a Rust Developer?","text","","0"
"How many years of work experience do you have with Hospitality Industry?","text","","0"
"Please state your current/last salary (in gross)?","text","","Tidak disebutkan"
"Please state your expect salary (in gross)?","text","","4500000"
"How many years of work experience do you have with Clean Coding?","text","","1"
"How many years of work experience do you have with Nuxt.js?","text","","0"
"Are you available to join within less than one month?Are you available to join within less than one month?","dropdown","Yes | No","Yes"
"How many years of work experience do you have with Mechanical, Electrical, and Plumbing (MEP)?","text","","0"
"How many years of Construction experience do you currently have?","text","","0"
"What is your expected monthly salary (in IDR) for this role?","text","","4500000"
"Pernahkah Anda membangun aplikasi berbasis web? Pernahkah Anda membangun aplikasi berbasis web?","dropdown","Yes | No","Yes"
"Apakah Anda pernah memakai salah satu dari software architecture front end React/VueApakah Anda pernah memakai salah satu dari software architecture front end React/Vue","dropdown","Yes | No","Yes"
"Apakah Anda pernah memakai salah satu dari software architecture Backend Python/Django/FastAPIApakah Anda pernah memakai salah satu dari software architecture Backend Python/Django/FastAPI","dropdown","Yes | No","Yes"
"Apakah Anda pernah memakai salah satu dari software architecture Database PostgreSQL? Apakah Anda pernah memakai salah satu dari software architecture Database PostgreSQL?","dropdown","Yes | No","Yes"
"Apakah Anda pernah memakai salah satu dari software architecture dengan Report PDF GeneratorApakah Anda pernah memakai salah satu dari software architecture dengan Report PDF Generator","dropdown","Yes | No","No"
"Apakah Anda pernah membuat API atau integrasi dengan sistem lain seperti REST API, ERP integration, Odoo integration Authentication?Apakah Anda pernah membuat API atau integrasi dengan sistem lain seperti REST API, ERP integration, Odoo integration Authentication?","dropdown","Yes | No","Yes"
"Berapa tahun pengalaman Anda sebagai Software Developer?","text","","1"
"Berapa project software yang pernah Anda kerjakan","text","","Tidak diketahui"
"How many years of Backend Engineering experience do you currently have?","text","","1"
"What is your current/last take-home pay?","text","","Tidak diketahui"
"What is your expected take-home pay?","text","","4500000"
"What is your notice period, in days?","text","","0"
"Willing to work onsite in BSD City area (OCBC Space)Willing to work onsite in BSD City area (OCBC Space)","dropdown","Yes | No","No"
"How many years of work experience do you have with Golang?","text","","0"
"How many years of work experience do you have with Swift (Programming Language)?","text","","0"
"How many years' experience do you have as a Software Quality Assurance Engineer?","dropdown","No experience | Less than 1 year | 1 year | 2 years | 3 years | 4 years | 5 years | More than 5 years","Less than 1 year"
"Berapa tahun pengalaman kerjamu sebagai Spesialis IT?","dropdown","Tidak ada pengalaman | Kurang dari 1 tahun | 1 tahun | 2 tahun | 3 tahun | 4 tahun | 5 tahun | Lebih dari 5 tahun","Kurang dari 1 tahun"
"How many years' experience do you have as a Mechanical Design Engineer?","dropdown","No experience | Less than 1 year | 1 year | 2 years | 3 years | 4 years | 5 years | More than 5 years","Less than 1 year"
"Which of the following CAD software do you have experience with?","checklist","hsbCAD | Revit | MiTek | Pryda | SOLIDWORKS | ArchiCAD | AutoCAD | 12D | CADworks | Autodesk Revit MEP | None of these","None of these"
"How many years' experience do you have as a sales executive?","dropdown","No experience | Less than 1 year | 1 year | 2 years | 3 years | 4 years | 5 years | More than 5 years","Less than 1 year"
"How many years' experience do you have as an Insurance Sales Manager?","dropdown","No experience | Less than 1 year | 1 year | 2 years | 3 years | 4 years | 5 years | More than 5 years","Less than 1 year"
"How many years of work experience do you have with PyTorch?","text","","0"
"How many years of work experience do you have with Machine Tools?","text","","0"
"Would you share your expectacy salary for apply this positions?","text","","4500000"
"Your last salary in gross?","text","","8000000"
"If accepted, how much salary do you expect? *in gross","text","","4500000"
"How many years' experience do you have as a Business Rules Analyst?","dropdown","No experience | Less than 1 year | 1 year | 2 years | 3 years | 4 years | 5 years | More than 5 years","Less than 1 year"
"Berapa tahun pengalaman kerjamu sebagai manajer proyek?","dropdown","Tidak ada pengalaman | Kurang dari 1 tahun | 1 tahun | 2 tahun | 3 tahun | 4 tahun | 5 tahun | Lebih dari 5 tahun","Kurang dari 1 tahun"
"Country","dropdown","Afghanistan | Åland Islands | Albania | Algeria | American Samoa | Andorra | Angola | Anguilla | Antarctica | Antigua & Barbuda | Argentina | Armenia | Aruba | Australia | Austria | Azerbaijan | Bahamas | Bahrain | Bangladesh | Barbados | Belarus | Belgium | Belize | Benin | Bermuda | Bhutan | Bolivia | Bosnia & Herzegovina | Botswana | Brazil | British Indian Ocean Territory | British Virgin Islands | Brunei | Bulgaria | Burkina Faso | Burundi | Cambodia | Cameroon | Canada | Cape Verde | Caribbean Netherlands | Cayman Islands | Central African Republic | Chad | Chile | China | Colombia | Comoros | Congo - Brazzaville | Congo - Kinshasa | Cook Islands | Costa Rica | Côte d’Ivoire | Croatia | Cuba | Curaçao | Cyprus | Czechia | Denmark | Djibouti | Dominica | Dominican Republic | Ecuador | Egypt | El Salvador | Equatorial Guinea | Eritrea | Estonia | Eswatini | Ethiopia | Falkland Islands (Islas Malvinas) | Faroe Islands | Fiji | Finland | France | French Guiana | French Polynesia | French Southern Territories | Gabon | Gambia | Georgia | Germany | Ghana | Gibraltar | Greece | Greenland | Grenada | Guadeloupe | Guam | Guatemala | Guernsey | Guinea | Guinea-Bissau | Guyana | Haiti | Honduras | Hong Kong | Hungary | Iceland | India | Indonesia | Iran | Iraq | Ireland | Isle of Man | Israel | Italy | Jamaica | Japan | Jersey | Jordan | Kazakhstan | Kenya | Kiribati | Kuwait | Kyrgyzstan | Laos | Latvia | Lebanon | Lesotho | Liberia | Libya | Liechtenstein | Lithuania | Luxembourg | Macao | Madagascar | Malawi | Malaysia | Maldives | Mali | Malta | Marshall Islands | Martinique | Mauritania | Mauritius | Mayotte | Mexico | Micronesia | Moldova | Monaco | Mongolia | Montenegro | Montserrat | Morocco | Mozambique | Myanmar (Burma) | Namibia | Nauru | Nepal | Netherlands | New Caledonia | New Zealand | Nicaragua | Niger | Nigeria | Niue | Northern Mariana Islands | North Macedonia | Norway | Oman | Pakistan | Palau | Palestine | Panama | Papua New Guinea | Paraguay | Peru | Philippines | Pitcairn Islands | Poland | Portugal | Puerto Rico | Qatar | Réunion | Romania | Russia | Rwanda | Samoa | San Marino | São Tomé & Príncipe | Saudi Arabia | Senegal | Serbia | Seychelles | Sierra Leone | Singapore | Sint Maarten | Slovakia | Slovenia | Solomon Islands | Somalia | South Africa | South Georgia & South Sandwich Islands | South Korea | South Sudan | Spain | Sri Lanka | St Barthélemy | St Helena | St Kitts & Nevis | St Lucia | St Martin | St Pierre & Miquelon | St Vincent & the Grenadines | Sudan | Suriname | Svalbard & Jan Mayen | Sweden | Switzerland | Syria | Taiwan | Tajikistan | Tanzania | Thailand | Timor-Leste | Togo | Tonga | Trinidad & Tobago | Tunisia | Türkiye | Turkmenistan | Turks & Caicos Islands | Tuvalu | Uganda | Ukraine | United Arab Emirates | United Kingdom | United States | Uruguay | US Outlying Islands | US Virgin Islands | Uzbekistan | Vanuatu | Vatican City | Venezuela | Vietnam | Wallis & Futuna | Western Sahara | Yemen | Zambia | Zimbabwe","Indonesia"
"Use your Indeed Resume","radiobutton","Use your Indeed Resume | Yoga_Adi_Saputra_ATS_CV.pdf","Use your Indeed Resume"
"First name *","text","","LUTHFI"
"Last name *","text","","SHIDQI HABIBULLOH"
"phone","text","","089507370805"
"Age","number","","24"
"Agree","checklist","Agree","Agree"
"Save my answers for pre-filling","checklist","Save my answers for pre-filling","Save my answers for pre-filling"
"Berapa tahun pengalaman kerjamu di bidang Pengembangan Produk?","dropdown","Tidak ada pengalaman | Kurang dari 1 tahun | 1 tahun | 2 tahun | 3 tahun | 4 tahun | 5 tahun | Lebih dari 5 tahun","Kurang dari 1 tahun"
"Berapa tahun pengalaman kerjamu di bidang Pengembangan Back-End?","dropdown","Tidak ada pengalaman | Kurang dari 1 tahun | 1 tahun | 2 tahun | 3 tahun | 4 tahun | 5 tahun | Lebih dari 5 tahun","Kurang dari 1 tahun"
"How many years' experience do you have as an E-Commerce Engineer?","dropdown","No experience | Less than 1 year | 1 year | 2 years | 3 years | 4 years | 5 years | More than 5 years","Less than 1 year"
"How many years' experience do you have as a Front End React Developer?","dropdown","No experience | Less than 1 year | 1 year | 2 years | 3 years | 4 years | 5 years | More than 5 years","Less than 1 year"
"Current Salary","text","","Tidak disebutkan"
"How many years' experience do you have as an Application Support Specialist?","dropdown","No experience | Less than 1 year | 1 year | 2 years | 3 years | 4 years | 5 years | More than 5 years","Less than 1 year"
"How many years' experience do you have as a quality assurance engineer?","dropdown","No experience | Less than 1 year | 1 year | 2 years | 3 years | 4 years | 5 years | More than 5 years","Less than 1 year"
"Which of the following manufacturing user acceptance tests do you have experience with?","checklist","Factory Acceptance Testing | Site Acceptance Testing | None of these","None of these"
"Which of the following statements best describes your right to work in Malaysia?","dropdown","I'm a Malaysian citizen | I'm a Malaysian permanent resident | I have a Long Term Visit Pass (LTVP) with permission to work | I have a Residence Pass-Talent (RP-T) from Talent Corp | I have a visa that lets me stay in Malaysia, but not work | I require sponsorship or a current job offer to work for a new employer (e.g. Employment Pass, Temporary Employment Pass)","I require sponsorship or a current job offer to work for a new employer (e.g. Employment Pass, Temporary Employment Pass)"
"How many years' experience do you have as a Maintenance Specialist?","dropdown","No experience | Less than 1 year | 1 year | 2 years | 3 years | 4 years | 5 years | More than 5 years","Less than 1 year"
"How many years' experience do you have as a Data Centre and Network Operations Operator?","dropdown","No experience | Less than 1 year | 1 year | 2 years | 3 years | 4 years | 5 years | More than 5 years","Less than 1 year"
"How many years' experience do you have as a Data Centre Operator?","dropdown","No experience | Less than 1 year | 1 year | 2 years | 3 years | 4 years | 5 years | More than 5 years","Less than 1 year"
"How many years of IT Operations experience do you have?","dropdown","No experience | Less than 1 year | 1 year | 2 years | 3 years | 4 years | 5 years | More than 5 years","Less than 1 year"
"Seberapa mahir kamu dengan keahlian berikut ini? - Google Cloud Platform","radiobutton","Tidak Berpengalaman | Dasar | Menengah | Ahli","Tidak Berpengalaman"
"How many years' experience do you have as a Data Migration Lead?","dropdown","No experience | Less than 1 year | 1 year | 2 years | 3 years | 4 years | 5 years | More than 5 years","Less than 1 year"
"How many years' experience do you have as an MEP Engineer?","dropdown","No experience | Less than 1 year | 1 year | 2 years | 3 years | 4 years | 5 years | More than 5 years","Less than 1 year"
"How many years' experience do you have as an Information Technology Presales Engineer?","dropdown","No experience | Less than 1 year | 1 year | 2 years | 3 years | 4 years | 5 years | More than 5 years","Less than 1 year"
"Apakah kamu bersedia bepergian untuk pekerjaan ini saat dibutuhkan?","checklist","Ya, perjalanan domestik | Ya, perjalanan internasional | Tidak","Tidak"
"Berapa tahun pengalaman kerjamu sebagai drafter?","dropdown","Tidak ada pengalaman | Kurang dari 1 tahun | 1 tahun | 2 tahun | 3 tahun | 4 tahun | 5 tahun | Lebih dari 5 tahun","Kurang dari 1 tahun"
"How many years' experience do you have as a Financial Analyst?","dropdown","No experience | Less than 1 year | 1 year | 2 years | 3 years | 4 years | 5 years | More than 5 years","Less than 1 year"
"How many years' experience do you have with forecasting for businesses?","dropdown","No experience | Less than 1 year | 1 year | 2 years | 3 years | 4 years | 5 years | More than 5 years","Less than 1 year"
"How many years' experience do you have as a Revit Draftsperson?","dropdown","No experience | Less than 1 year | 1 year | 2 years | 3 years | 4 years | 5 years | More than 5 years","Less than 1 year"
"Which of the following ERP products do you have experience using?","checklist","Odoo ERP | SAP Business One | NetSuite | Sage Intacct | Oracle's E-Business Suite | ECount | PeopleSoft | Microsoft Dynamics AX (Axapta) | Microsoft Dynamics NAV (Navison) | Industrial and Financial System (IFS) | QAD MFG / Pro | Compiere | FinancialForce ERP | WorkWise ERP | ERPNext | VersAccounts Cloud | None of these","None of these"
"How many years' experience do you have as an engineering manager?","dropdown","No experience | Less than 1 year | 1 year | 2 years | 3 years | 4 years | 5 years | More than 5 years","Less than 1 year"
"How many years of experience do you have in the Fintech Industry?","dropdown","No experience | Less than 1 year | 1 year | 2 years | 3 years | 4 years | 5 years | More than 5 years","Less than 1 year"
"How many years' experience do you have as a Data Engineer?","dropdown","No experience | Less than 1 year | 1 year | 2 years | 3 years | 4 years | 5 years | More than 5 years","Less than 1 year"
"How many years' experience do you have as an Ab Initio Developer?","dropdown","No experience | Less than 1 year | 1 year | 2 years | 3 years | 4 years | 5 years | More than 5 years","Less than 1 year"
"How many years' experience do you have as a Project Estimator?","dropdown","No experience | Less than 1 year | 1 year | 2 years | 3 years | 4 years | 5 years | More than 5 years","Less than 1 year"
"Berapa tahun pengalaman kerjamu sebagai Estimator Konstruksi?","dropdown","Tidak ada pengalaman | Kurang dari 1 tahun | 1 tahun | 2 tahun | 3 tahun | 4 tahun | 5 tahun | Lebih dari 5 tahun","Kurang dari 1 tahun"
"How many years of experience do you have in the Facade Industry?","dropdown","Tidak ada pengalaman | Kurang dari 1 tahun | 1 tahun | 2 tahun | 3 tahun | 4 tahun | 5 tahun | Lebih dari 5 tahun","Kurang dari 1 tahun"
"How many years' experience do you have as a Product Owner?","dropdown","No experience | Less than 1 year | 1 year | 2 years | 3 years | 4 years | 5 years | More than 5 years","Less than 1 year"
"Which of the following issue and bug tracking software do you have experience with?","checklist","Team Foundation Server (TFS) | Kayako | ClearQuest | JIRA | Wrike | SysAid | Pivotal Tracker | Bugzilla | HP Quality Centre | FogBugz | Trac | Rational Team Concert | None of these","None of these"
"How many years' experience do you have as an Electrical Design Engineer?","dropdown","No experience | Less than 1 year | 1 year | 2 years | 3 years | 4 years | 5 years | More than 5 years","Less than 1 year"
"How many years' experience do you have as a Civil and Structural Engineer?","dropdown","No experience | Less than 1 year | 1 year | 2 years | 3 years | 4 years | 5 years | More than 5 years","Less than 1 year"
"Berapa tahun pengalaman kerjamu di Industri Minyak Dan Gas?","dropdown","Tidak ada pengalaman | Kurang dari 1 tahun | 1 tahun | 2 tahun | 3 tahun | 4 tahun | 5 tahun | Lebih dari 5 tahun","Kurang dari 1 tahun"
"Berapa tahun pengalaman yang kamu miliki di bidang Teknik Konstruksi Sipil?","dropdown","Tidak ada pengalaman | Kurang dari 1 tahun | 1 tahun | 2 tahun | 3 tahun | 4 tahun | 5 tahun | Lebih dari 5 tahun","Kurang dari 1 tahun"
"How many years of Offshore Engineering experience do you have?","dropdown","Tidak ada pengalaman | Kurang dari 1 tahun | 1 tahun | 2 tahun | 3 tahun | 4 tahun | 5 tahun | Lebih dari 5 tahun","Kurang dari 1 tahun"
"How many years of Offshore Engineering Design experience do you have?","dropdown","Tidak ada pengalaman | Kurang dari 1 tahun | 1 tahun | 2 tahun | 3 tahun | 4 tahun | 5 tahun | Lebih dari 5 tahun","Kurang dari 1 tahun"
"How many years' experience do you have as a Production Engineering Supervisor?","dropdown","No experience | Less than 1 year | 1 year | 2 years | 3 years | 4 years | 5 years | More than 5 years","Less than 1 year"
"How many years' experience do you have as a quantity surveyor?","dropdown","No experience | Less than 1 year | 1 year | 2 years | 3 years | 4 years | 5 years | More than 5 years","Less than 1 year"
"How many years of project management experience do you have?","dropdown","No experience | Less than 1 year | 1 year | 2 years | 3 years | 4 years | 5 years | More than 5 years","Less than 1 year"
"How many years' experience do you have as a Control Specialist?","dropdown","No experience | Less than 1 year | 1 year | 2 years | 3 years | 4 years | 5 years | More than 5 years","Less than 1 year"
"How many years' experience do you have as a BMS Heating, Venting and Air Conditioning Controls Technician?","dropdown","No experience | Less than 1 year | 1 year | 2 years | 3 years | 4 years | 5 years | More than 5 years","Less than 1 year"
"How many years' experience do you have as an Automation Engineer?","dropdown","No experience | Less than 1 year | 1 year | 2 years | 3 years | 4 years | 5 years | More than 5 years","Less than 1 year"
"How many years' experience do you have as an Operations Engineer?","dropdown","No experience | Less than 1 year | 1 year | 2 years | 3 years | 4 years | 5 years | More than 5 years","Less than 1 year"
"How many years' experience do you have as an Engineering Project Manager?","dropdown","No experience | Less than 1 year | 1 year | 2 years | 3 years | 4 years | 5 years | More than 5 years","Less than 1 year"
"How would you rate your Mandarin language skills?","checklist","Speaks proficiently in a professional setting | Writes proficiently in a professional setting | Limited proficiency","Limited proficiency"
"How many years' experience do you have as a Mining Consultant?","dropdown","No experience | Less than 1 year | 1 year | 2 years | 3 years | 4 years | 5 years | More than 5 years","Less than 1 year"
"How many years' experience do you have as a Solutions Engineer?","dropdown","No experience | Less than 1 year | 1 year | 2 years | 3 years | 4 years | 5 years | More than 5 years","Less than 1 year"
"How many years' experience do you have as a Software Security Engineer?","dropdown","No experience | Less than 1 year | 1 year | 2 years | 3 years | 4 years | 5 years | More than 5 years","Less than 1 year"
"How many years' experience do you have as a project engineer?","dropdown","No experience | Less than 1 year | 1 year | 2 years | 3 years | 4 years | 5 years | More than 5 years","Less than 1 year"
"How many years' experience do you have as a Process Engineer?","dropdown","No experience | Less than 1 year | 1 year | 2 years | 3 years | 4 years | 5 years | More than 5 years","Less than 1 year"
"How many years of Piping Design experience do you have?","dropdown","Tidak ada pengalaman | Kurang dari 1 tahun | 1 tahun | 2 tahun | 3 tahun | 4 tahun | 5 tahun | Lebih dari 5 tahun","Kurang dari 1 tahun"
"How many years' experience do you have as an AutoCAD Engineer?","dropdown","No experience | Less than 1 year | 1 year | 2 years | 3 years | 4 years | 5 years | More than 5 years","Less than 1 year"
"Berapa tahun pengalaman kerjamu di Industri Manufaktur?","dropdown","Tidak ada pengalaman | Kurang dari 1 tahun | 1 tahun | 2 tahun | 3 tahun | 4 tahun | 5 tahun | Lebih dari 5 tahun","Kurang dari 1 tahun"
"How many years experience in Chemical Manufacturing do you have?","dropdown","Tidak ada pengalaman | Kurang dari 1 tahun | 1 tahun | 2 tahun | 3 tahun | 4 tahun | 5 tahun | Lebih dari 5 tahun","Kurang dari 1 tahun"
"How many years' experience do you have as a sales engineer?","dropdown","No experience | Less than 1 year | 1 year | 2 years | 3 years | 4 years | 5 years | More than 5 years","Less than 1 year"
"How many years' experience do you have as a Security Engineer?","dropdown","No experience | Less than 1 year | 1 year | 2 years | 3 years | 4 years | 5 years | More than 5 years","Less than 1 year"
"How many years' experience do you have as a Video Editor?","dropdown","No experience | Less than 1 year | 1 year | 2 years | 3 years | 4 years | 5 years | More than 5 years","Less than 1 year"
"How many years' experience do you have as a civil engineer?","dropdown","No experience | Less than 1 year | 1 year | 2 years | 3 years | 4 years | 5 years | More than 5 years","Less than 1 year"
"How many years experience in Commercial Construction do you have?","dropdown","No experience | Less than 1 year | 1 year | 2 years | 3 years | 4 years | 5 years | More than 5 years","Less than 1 year"
"How many years of experience do you have in the Engineering Industry?","dropdown","No experience | Less than 1 year | 1 year | 2 years | 3 years | 4 years | 5 years | More than 5 years","Less than 1 year"
"How many years' experience do you have as a Construction Engineer?","dropdown","No experience | Less than 1 year | 1 year | 2 years | 3 years | 4 years | 5 years | More than 5 years","Less than 1 year"
"Berapa tahun pengalaman kerjamu sebagai site engineer?","dropdown","Tidak ada pengalaman | Kurang dari 1 tahun | 1 tahun | 2 tahun | 3 tahun | 4 tahun | 5 tahun | Lebih dari 5 tahun","Kurang dari 1 tahun"
"Berapa tahun pengalaman kerjamu sebagai Staff Teknik Sipil?","dropdown","Tidak ada pengalaman | Kurang dari 1 tahun | 1 tahun | 2 tahun | 3 tahun | 4 tahun | 5 tahun | Lebih dari 5 tahun","Kurang dari 1 tahun"
"How many years' experience do you have in an Administration Role?","dropdown","No experience | Less than 1 year | 1 year | 2 years | 3 years | 4 years | 5 years | More than 5 years","Less than 1 year"
"Berapa tahun pengalaman kerjamu di industri TI?","dropdown","Tidak ada pengalaman | Kurang dari 1 tahun | 1 tahun | 2 tahun | 3 tahun | 4 tahun | 5 tahun | Lebih dari 5 tahun","Kurang dari 1 tahun"
"Berapa tahun pengalaman kerjamu sebagai manajer pengembangan bisnis?","dropdown","Tidak ada pengalaman | Kurang dari 1 tahun | 1 tahun | 2 tahun | 3 tahun | 4 tahun | 5 tahun | Lebih dari 5 tahun","Kurang dari 1 tahun"
"Produk Microsoft Office apa saja di bawah ini yang bisa kamu gunakan?","checklist","Publisher | Outlook | PowerPoint | OneNote | Access | Word | Excel | Tidak satupun","Tidak satupun"
"How many years' experience do you have as an AWS Solutions Architect?","dropdown","No experience | Less than 1 year | 1 year | 2 years | 3 years | 4 years | 5 years | More than 5 years","Less than 1 year"
"Berapa tahun pengalaman kerjamu sebagai surveyor kuantitas?","dropdown","Tidak ada pengalaman | Kurang dari 1 tahun | 1 tahun | 2 tahun | 3 tahun | 4 tahun | 5 tahun | Lebih dari 5 tahun","Kurang dari 1 tahun"
"Software CAD apa saja di bawah ini yang bisa kamu gunakan?","checklist","hsbCAD | Revit | MiTek | Pryda | SOLIDWORKS | ArchiCAD | AutoCAD | 12D | CADworks | Autodesk Revit MEP | Tidak satupun","Tidak satupun"
"Berapa tahun pengalaman kerjamu sebagai structural engineer?","dropdown","Tidak ada pengalaman | Kurang dari 1 tahun | 1 tahun | 2 tahun | 3 tahun | 4 tahun | 5 tahun | Lebih dari 5 tahun","Kurang dari 1 tahun"
"How many years' experience do you have as a Project Draftsperson?","dropdown","No experience | Less than 1 year | 1 year | 2 years | 3 years | 4 years | 5 years | More than 5 years","Less than 1 year"
"How many years' experience do you have in the construction industry?","dropdown","No experience | Less than 1 year | 1 year | 2 years | 3 years | 4 years | 5 years | More than 5 years","Less than 1 year"
"How many years' experience do you have as a Technical Support Engineer?","dropdown","No experience | Less than 1 year | 1 year | 2 years | 3 years | 4 years | 5 years | More than 5 years","Less than 1 year"
"How many years' experience do you have as an Automation Design Engineer?","dropdown","No experience | Less than 1 year | 1 year | 2 years | 3 years | 4 years | 5 years | More than 5 years","Less than 1 year"
"Berapa tahun pengalaman kerjamu sebagai electrical engineer?","dropdown","Tidak ada pengalaman | Kurang dari 1 tahun | 1 tahun | 2 tahun | 3 tahun | 4 tahun | 5 tahun | Lebih dari 5 tahun","Kurang dari 1 tahun"
"How many years' experience do you have as an Electrical and Instrumentation Designer?","dropdown","No experience | Less than 1 year | 1 year | 2 years | 3 years | 4 years | 5 years | More than 5 years","Less than 1 year"
"How many years' experience do you have as an AutoCAD Technician?","dropdown","No experience | Less than 1 year | 1 year | 2 years | 3 years | 4 years | 5 years | More than 5 years","Less than 1 year"
"How many years' experience do you have as a Maintenance Engineer?","dropdown","No experience | Less than 1 year | 1 year | 2 years | 3 years | 4 years | 5 years | More than 5 years","Less than 1 year"
"How many years' experience do you have as an Electrical Tester?","dropdown","No experience | Less than 1 year | 1 year | 2 years | 3 years | 4 years | 5 years | More than 5 years","Less than 1 year"
"How many years' experience do you have as an Instrumentation and Control Engineer?","dropdown","No experience | Less than 1 year | 1 year | 2 years | 3 years | 4 years | 5 years | More than 5 years","Less than 1 year"
"How many years' experience do you have in a Civil Construction Role?","dropdown","No experience | Less than 1 year | 1 year | 2 years | 3 years | 4 years | 5 years | More than 5 years","Less than 1 year"
"How many years' experience do you have as a Site Reliability Engineer?","dropdown","No experience | Less than 1 year | 1 year | 2 years | 3 years | 4 years | 5 years | More than 5 years","Less than 1 year"
"How many years' experience do you have as a Management Consultant?","dropdown","No experience | Less than 1 year | 1 year | 2 years | 3 years | 4 years | 5 years | More than 5 years","Less than 1 year"
"How many years' experience do you have as a Quantity Surveying Staff?","dropdown","No experience | Less than 1 year | 1 year | 2 years | 3 years | 4 years | 5 years | More than 5 years","Less than 1 year"
"How many years' experience do you have as a Cost Consultant?","dropdown","No experience | Less than 1 year | 1 year | 2 years | 3 years | 4 years | 5 years | More than 5 years","Less than 1 year"
"How many years' experience do you have as a Presales Architect?","dropdown","No experience | Less than 1 year | 1 year | 2 years | 3 years | 4 years | 5 years | More than 5 years","Less than 1 year"
"How many years' experience do you have as a Cloud Architect?","dropdown","No experience | Less than 1 year | 1 year | 2 years | 3 years | 4 years | 5 years | More than 5 years","Less than 1 year"
"How many years' experience do you have as a VMware Consultant?","dropdown","No experience | Less than 1 year | 1 year | 2 years | 3 years | 4 years | 5 years | More than 5 years","Less than 1 year"
"How many years' experience do you have in a Technical Support Role?","dropdown","No experience | Less than 1 year | 1 year | 2 years | 3 years | 4 years | 5 years | More than 5 years","Less than 1 year"
"How many years' experience do you have as a Cloud Solution Architect?","dropdown","No experience | Less than 1 year | 1 year | 2 years | 3 years | 4 years | 5 years | More than 5 years","Less than 1 year"
"How many years' experience do you have as an Oracle Database Administrator?","dropdown","No experience | Less than 1 year | 1 year | 2 years | 3 years | 4 years | 5 years | More than 5 years","Less than 1 year"
"How many years' experience do you have as a CAD Operator?","dropdown","No experience | Less than 1 year | 1 year | 2 years | 3 years | 4 years | 5 years | More than 5 years","Less than 1 year"
"How many years' experience do you have as an AutoCAD Operator?","dropdown","No experience | Less than 1 year | 1 year | 2 years | 3 years | 4 years | 5 years | More than 5 years","Less than 1 year"
"How many years' experience do you have as a Technical Solutions Manager?","dropdown","No experience | Less than 1 year | 1 year | 2 years | 3 years | 4 years | 5 years | More than 5 years","Less than 1 year"
"How many years experience in Technology Leadership do you have?","dropdown","No experience | Less than 1 year | 1 year | 2 years | 3 years | 4 years | 5 years | More than 5 years","Less than 1 year"
"How many years of experience do you have in the Cybersecurity Industry?","dropdown","No experience | Less than 1 year | 1 year | 2 years | 3 years | 4 years | 5 years | More than 5 years","Less than 1 year"
"How many years' experience do you have as a Project Management Office Project Manager?","dropdown","No experience | Less than 1 year | 1 year | 2 years | 3 years | 4 years | 5 years | More than 5 years","Less than 1 year"
"Berapa tahun pengalaman kerjamu sebagai insinyur proyek?","dropdown","Tidak ada pengalaman | Kurang dari 1 tahun | 1 tahun | 2 tahun | 3 tahun | 4 tahun | 5 tahun | Lebih dari 5 tahun","Kurang dari 1 tahun"
"Berapa tahun pengalaman kerjamu sebagai insinyur sipil?","dropdown","Tidak ada pengalaman | Kurang dari 1 tahun | 1 tahun | 2 tahun | 3 tahun | 4 tahun | 5 tahun | Lebih dari 5 tahun","Kurang dari 1 tahun"
"How many years' experience do you have as a Civil Lead?","dropdown","No experience | Less than 1 year | 1 year | 2 years | 3 years | 4 years | 5 years | More than 5 years","Less than 1 year"
"Do you own or have regular access to a personal vehicle?","checklist","Yes, a car | Yes, a motorcycle | No","No"
"How many years' experience do you have as a Digital Analyst?","dropdown","No experience | Less than 1 year | 1 year | 2 years | 3 years | 4 years | 5 years | More than 5 years","Less than 1 year"
"Berapa lama pengalaman yang kamu miliki sebagai Project Manager?","radiobutton","Tidak Berpengalaman | <1 thn | 1 - 3 thn | 3 - 5 thn | 5 - 10 thn | 10+ thn","Tidak Berpengalaman"
"How many years' experience do you have as a Marketing Engineer?","dropdown","No experience | Less than 1 year | 1 year | 2 years | 3 years | 4 years | 5 years | More than 5 years","Less than 1 year"
"How much experience do you have in the following industry? - Oil & Energy","radiobutton","Tidak Berpengalaman | <1 thn | 1 - 3 thn | 3 - 5 thn | 5 - 10 thn | 10+ thn","Tidak Berpengalaman"
"How many years' experience do you have as a Design Engineer?","dropdown","No experience | Less than 1 year | 1 year | 2 years | 3 years | 4 years | 5 years | More than 5 years","Less than 1 year"
"How many years' experience do you have as a Chief Engineer?","dropdown","No experience | Less than 1 year | 1 year | 2 years | 3 years | 4 years | 5 years | More than 5 years","Less than 1 year"
"How many years' experience do you have as a Fire Safety Manager?","dropdown","No experience | Less than 1 year | 1 year | 2 years | 3 years | 4 years | 5 years | More than 5 years","Less than 1 year"
"How many years' experience do you have as a Data Centre Engineer?","dropdown","No experience | Less than 1 year | 1 year | 2 years | 3 years | 4 years | 5 years | More than 5 years","Less than 1 year"
"How many years' experience do you have as a project manager?","dropdown","No experience | Less than 1 year | 1 year | 2 years | 3 years | 4 years | 5 years | More than 5 years","Less than 1 year"
"Berapa tahun pengalaman kerjamu sebagai Konsultan SAP?","dropdown","Tidak ada pengalaman | Kurang dari 1 tahun | 1 tahun | 2 tahun | 3 tahun | 4 tahun | 5 tahun | Lebih dari 5 tahun","Kurang dari 1 tahun"
"How many years' experience do you have as a BIM Draftsperson?","dropdown","No experience | Less than 1 year | 1 year | 2 years | 3 years | 4 years | 5 years | More than 5 years","Less than 1 year"
"How many years' experience do you have as a Business to Business Business Development Manager?","dropdown","No experience | Less than 1 year | 1 year | 2 years | 3 years | 4 years | 5 years | More than 5 years","Less than 1 year"
"How many years' experience do you have as a Structured Cabling Technician?","dropdown","No experience | Less than 1 year | 1 year | 2 years | 3 years | 4 years | 5 years | More than 5 years","Less than 1 year"
"How many years' experience do you have as an applications engineer?","dropdown","No experience | Less than 1 year | 1 year | 2 years | 3 years | 4 years | 5 years | More than 5 years","Less than 1 year"
"How many years' experience do you have as a Technical Sales Engineer?","dropdown","No experience | Less than 1 year | 1 year | 2 years | 3 years | 4 years | 5 years | More than 5 years","Less than 1 year"
"Berapa tahun pengalaman kerjamu sebagai Staff Penjualan?","dropdown","Tidak ada pengalaman | Kurang dari 1 tahun | 1 tahun | 2 tahun | 3 tahun | 4 tahun | 5 tahun | Lebih dari 5 tahun","Kurang dari 1 tahun"
"How many years' experience do you have as a Security System Engineer?","dropdown","No experience | Less than 1 year | 1 year | 2 years | 3 years | 4 years | 5 years | More than 5 years","Less than 1 year"
"Seberapa mahir kamu dengan keahlian berikut ini? - Front-End Architecture","radiobutton","Tidak Berpengalaman | Dasar | Menengah | Ahli","Menengah"
"Berapa tahun pengalaman kerjamu sebagai Asisten Engineer?","dropdown","Tidak ada pengalaman | Kurang dari 1 tahun | 1 tahun | 2 tahun | 3 tahun | 4 tahun | 5 tahun | Lebih dari 5 tahun","Kurang dari 1 tahun"
"Seberapa mahir kamu dengan keahlian berikut ini? - Micro frontend","radiobutton","Tidak Berpengalaman | Dasar | Menengah | Ahli","Tidak Berpengalaman"
"Berapa tahun pengalaman kerjamu sebagai pengembang ios?","dropdown","Tidak ada pengalaman | Kurang dari 1 tahun | 1 tahun | 2 tahun | 3 tahun | 4 tahun | 5 tahun | Lebih dari 5 tahun","Kurang dari 1 tahun"
"How many years' experience do you have as a Swift Developer?","dropdown","No experience | Less than 1 year | 1 year | 2 years | 3 years | 4 years | 5 years | More than 5 years","Less than 1 year"
"How many years' experience do you have as a Digital Transformation Manager?","dropdown","No experience | Less than 1 year | 1 year | 2 years | 3 years | 4 years | 5 years | More than 5 years","Less than 1 year"
"Berapa tahun pengalaman kerjamu di Industri FMCG?","dropdown","Tidak ada pengalaman | Kurang dari 1 tahun | 1 tahun | 2 tahun | 3 tahun | 4 tahun | 5 tahun | Lebih dari 5 tahun","Kurang dari 1 tahun"
"Seberapa mahir kamu dengan keahlian berikut ini? - XML","radiobutton","Tidak Berpengalaman | Dasar | Menengah | Ahli","Dasar"
"Seberapa mahir kamu dengan keahlian berikut ini? - Jaringan Komputer","radiobutton","Tidak Berpengalaman | Dasar | Menengah | Ahli","Dasar"
"Seberapa mahir kamu dengan keahlian berikut ini? - Ruby on Rails","radiobutton","Tidak Berpengalaman | Dasar | Menengah | Ahli","Tidak Berpengalaman"
"How many years' experience do you have as a Software Account Manager?","dropdown","No experience | Less than 1 year | 1 year | 2 years | 3 years | 4 years | 5 years | More than 5 years","Less than 1 year"
"How many years' experience do you have as a Radio Network Optimization Engineer?","dropdown","No experience | Less than 1 year | 1 year | 2 years | 3 years | 4 years | 5 years | More than 5 years","Less than 1 year"
"Apakah kamu pernah menyelesaikan sertifikasi kemahiran bahasa Inggris?","checklist","Ya, sertifikat International English Language Testing System (IELTS) | Ya, sertifikat Test of English as a Foreign Language (TOEFL) | Ya, sertifikat Test of English for International Communication (TOEIC) | Saya memiliki sertifikat kemahiran bahasa Inggris yang tidak ada dalam daftar | Saya tidak memiliki sertifikat kemahiran bahasa Inggris","Saya tidak memiliki sertifikat kemahiran bahasa Inggris"
"How many years' experience do you have as a Head of Analytics?","dropdown","No experience | Less than 1 year | 1 year | 2 years | 3 years | 4 years | 5 years | More than 5 years","Less than 1 year"
"How many years' experience do you have as a Power BI Analyst?","dropdown","No experience | Less than 1 year | 1 year | 2 years | 3 years | 4 years | 5 years | More than 5 years","Less than 1 year"
"Which of the following data analytics tools are you experienced with?","checklist","SAS | Statistica | Tableau | SPSS | RapidMiner | KNIME | Mathematica | R | SciPy | Excel | Matlab | Hadoop | SPSS Modeller (Clementine) | SQL | None of these","SQL"
"How many years' experience do you have in a Design Role?","dropdown","No experience | Less than 1 year | 1 year | 2 years | 3 years | 4 years | 5 years | More than 5 years","Less than 1 year"
"Berapa lama pengalaman yang kamu miliki sebagai QA Engineer?","radiobutton","Tidak Berpengalaman | <1 thn | 1 - 3 thn | 3 - 5 thn | 5 - 10 thn | 10+ thn","Tidak Berpengalaman"
"Apakah anda familiar dengan Automation Testing?","text","","Ya, familiar dengan Automation Testing melalui Web Automation, pengujian API menggunakan Postman, serta pengembangan automated test menggunakan JavaScript dan Python."
"How many years' experience do you have as a Cost Manager?","dropdown","No experience | Less than 1 year | 1 year | 2 years | 3 years | 4 years | 5 years | More than 5 years","Less than 1 year"
"Berapa tahun pengalaman kerjamu sebagai Petugas Quality Assurance?","dropdown","Tidak ada pengalaman | Kurang dari 1 tahun | 1 tahun | 2 tahun | 3 tahun | 4 tahun | 5 tahun | Lebih dari 5 tahun","Kurang dari 1 tahun"
"Berapa tahun pengalaman kerjamu sebagai Staf Internal Audit?","dropdown","Tidak ada pengalaman | Kurang dari 1 tahun | 1 tahun | 2 tahun | 3 tahun | 4 tahun | 5 tahun | Lebih dari 5 tahun","Kurang dari 1 tahun"
"How many years' experience do you have as a Senior Associate?","dropdown","No experience | Less than 1 year | 1 year | 2 years | 3 years | 4 years | 5 years | More than 5 years","Less than 1 year"
"How many years' experience do you have as a mechanical engineer?","dropdown","No experience | Less than 1 year | 1 year | 2 years | 3 years | 4 years | 5 years | More than 5 years","Less than 1 year"
"How many years' experience do you have as an Infrastructure Security Engineer?","dropdown","No experience | Less than 1 year | 1 year | 2 years | 3 years | 4 years | 5 years | More than 5 years","Less than 1 year"
"Sertifikasi PMI mana saja di bawah ini yang sudah kamu selesaikan?","checklist","Project Management Professional (PMP) | Program Management Professional (PgMP) | Portfolio Management Professional (PfMP) | Certified Associate in Project Management (CAPM) | PMI Professional in Business Analysis (PMI-PBA) | PMI Agile Certified Practitioner (PMI-ACP) | PMI Risk Management Professional (PMI-RMP) | PMI Scheduling Professional (PMI-SP) | Tidak ada sertifikat","Tidak ada sertifikat"
"How many years' experience do you have as a Managed Services Engineer?","dropdown","No experience | Less than 1 year | 1 year | 2 years | 3 years | 4 years | 5 years | More than 5 years","Less than 1 year"
"How many years' experience do you have as a Customer Engineer?","dropdown","No experience | Less than 1 year | 1 year | 2 years | 3 years | 4 years | 5 years | More than 5 years","Less than 1 year"
"How many years' experience do you have as a Mechanical and Electrical Coordinator?","dropdown","No experience | Less than 1 year | 1 year | 2 years | 3 years | 4 years | 5 years | More than 5 years","Less than 1 year"
"How many years' experience do you have as a Builder?","dropdown","No experience | Less than 1 year | 1 year | 2 years | 3 years | 4 years | 5 years | More than 5 years","Less than 1 year"
"How many years' experience do you have in a Security Operations Role?","dropdown","No experience | Less than 1 year | 1 year | 2 years | 3 years | 4 years | 5 years | More than 5 years","Less than 1 year"
"How many years' experience do you have as a Game Designer?","dropdown","No experience | Less than 1 year | 1 year | 2 years | 3 years | 4 years | 5 years | More than 5 years","Less than 1 year"
"Berapa tahun pengalaman kerjamu sebagai Supervisor Infrastruktur?","dropdown","Tidak ada pengalaman | Kurang dari 1 tahun | 1 tahun | 2 tahun | 3 tahun | 4 tahun | 5 tahun | Lebih dari 5 tahun","Kurang dari 1 tahun"
"How many years' experience do you have as a Production Engineer?","dropdown","No experience | Less than 1 year | 1 year | 2 years | 3 years | 4 years | 5 years | More than 5 years","Less than 1 year"
"Berapa tahun pengalaman kerjamu sebagai Teknisi Listrik Arus Kuat?","dropdown","Tidak ada pengalaman | Kurang dari 1 tahun | 1 tahun | 2 tahun | 3 tahun | 4 tahun | 5 tahun | Lebih dari 5 tahun","Kurang dari 1 tahun"
"Berapa tahun pengalaman kerjamu di bidang estimasi biaya?","dropdown","Tidak ada pengalaman | Kurang dari 1 tahun | 1 tahun | 2 tahun | 3 tahun | 4 tahun | 5 tahun | Lebih dari 5 tahun","Kurang dari 1 tahun"
"Berapa tahun pengalaman kerjamu sebagai Teknisi Pembangkit Listrik Tenaga Surya?","dropdown","Tidak ada pengalaman | Kurang dari 1 tahun | 1 tahun | 2 tahun | 3 tahun | 4 tahun | 5 tahun | Lebih dari 5 tahun","Kurang dari 1 tahun"
"How many years' experience do you have as a Proposals Engineer?","dropdown","No experience | Less than 1 year | 1 year | 2 years | 3 years | 4 years | 5 years | More than 5 years","Less than 1 year"
"Berapa tahun pengalaman kerjamu sebagai insinyur jaringan?","dropdown","Tidak ada pengalaman | Kurang dari 1 tahun | 1 tahun | 2 tahun | 3 tahun | 4 tahun | 5 tahun | Lebih dari 5 tahun","Kurang dari 1 tahun"
"How many years' experience do you have as a Head of Information Technology?","dropdown","No experience | Less than 1 year | 1 year | 2 years | 3 years | 4 years | 5 years | More than 5 years","Less than 1 year"
"How many years' experience do you have as a Commissioning Manager?","dropdown","No experience | Less than 1 year | 1 year | 2 years | 3 years | 4 years | 5 years | More than 5 years","Less than 1 year"
"How many years of experience do you have in the Data Centre Industry?","dropdown","No experience | Less than 1 year | 1 year | 2 years | 3 years | 4 years | 5 years | More than 5 years","Less than 1 year"
"How many years' experience do you have as a Data Centre Specialist?","dropdown","No experience | Less than 1 year | 1 year | 2 years | 3 years | 4 years | 5 years | More than 5 years","Less than 1 year"
"How many years' experience do you have as a Testing and Commissioning Engineer?","dropdown","No experience | Less than 1 year | 1 year | 2 years | 3 years | 4 years | 5 years | More than 5 years","Less than 1 year"
"How many years' experience do you have as a Chemical Engineer?","dropdown","No experience | Less than 1 year | 1 year | 2 years | 3 years | 4 years | 5 years | More than 5 years","Less than 1 year"
"How many years' experience do you have as a Water and Waste Engineer?","dropdown","No experience | Less than 1 year | 1 year | 2 years | 3 years | 4 years | 5 years | More than 5 years","Less than 1 year"
"How many years' experience do you have as an Information Technology Security Specialist?","dropdown","No experience | Less than 1 year | 1 year | 2 years | 3 years | 4 years | 5 years | More than 5 years","Less than 1 year"
"How many years' experience do you have as an Information Technology Support Engineer?","dropdown","No experience | Less than 1 year | 1 year | 2 years | 3 years | 4 years | 5 years | More than 5 years","Less than 1 year"
"How many years' experience do you have as a Microsoft 365 Administrator?","dropdown","No experience | Less than 1 year | 1 year | 2 years | 3 years | 4 years | 5 years | More than 5 years","Less than 1 year"
"How many years' experience do you have as an Information Technology Business Analyst?","dropdown","No experience | Less than 1 year | 1 year | 2 years | 3 years | 4 years | 5 years | More than 5 years","Less than 1 year"
"How many years' experience do you have in a Quality Control Role?","dropdown","No experience | Less than 1 year | 1 year | 2 years | 3 years | 4 years | 5 years | More than 5 years","Less than 1 year"
"Berapa tahun pengalaman kerjamu sebagai Tenaga Ahli Teknik Sipil?","dropdown","Tidak ada pengalaman | Kurang dari 1 tahun | 1 tahun | 2 tahun | 3 tahun | 4 tahun | 5 tahun | Lebih dari 5 tahun","Kurang dari 1 tahun"
"How many years' experience do you have as a Product Design Engineer?","dropdown","No experience | Less than 1 year | 1 year | 2 years | 3 years | 4 years | 5 years | More than 5 years","Less than 1 year"
"How many years' experience do you have as an Assembly Technician?","dropdown","No experience | Less than 1 year | 1 year | 2 years | 3 years | 4 years | 5 years | More than 5 years","Less than 1 year"
"How many years' experience do you have as a Production Technician?","dropdown","No experience | Less than 1 year | 1 year | 2 years | 3 years | 4 years | 5 years | More than 5 years","Less than 1 year"
"Berapa tahun pengalaman kerjamu sebagai insinyur mesin?","dropdown","Tidak ada pengalaman | Kurang dari 1 tahun | 1 tahun | 2 tahun | 3 tahun | 4 tahun | 5 tahun | Lebih dari 5 tahun","Kurang dari 1 tahun"
"How many years' experience do you have as a Procurement Engineer?","dropdown","No experience | Less than 1 year | 1 year | 2 years | 3 years | 4 years | 5 years | More than 5 years","Less than 1 year"
"How many years' experience do you have as a Data Analytics Engineer?","dropdown","No experience | Less than 1 year | 1 year | 2 years | 3 years | 4 years | 5 years | More than 5 years","Less than 1 year"
"How many years' experience do you have as an electrical engineer?","dropdown","No experience | Less than 1 year | 1 year | 2 years | 3 years | 4 years | 5 years | More than 5 years","Less than 1 year"
"How many years' experience do you have as an operations manager?","dropdown","No experience | Less than 1 year | 1 year | 2 years | 3 years | 4 years | 5 years | More than 5 years","Less than 1 year"
"How many years' experience do you have as a High Voltage Electrical Specialist?","dropdown","No experience | Less than 1 year | 1 year | 2 years | 3 years | 4 years | 5 years | More than 5 years","Less than 1 year"
"How many years' experience do you have as a Product Engineer?","dropdown","No experience | Less than 1 year | 1 year | 2 years | 3 years | 4 years | 5 years | More than 5 years","Less than 1 year"
"Berapa tahun pengalaman kerjamu di Industri konstruksi?","dropdown","Tidak ada pengalaman | Kurang dari 1 tahun | 1 tahun | 2 tahun | 3 tahun | 4 tahun | 5 tahun | Lebih dari 5 tahun","Kurang dari 1 tahun"
"How many years' experience do you have as an AWS Data Engineer?","dropdown","No experience | Less than 1 year | 1 year | 2 years | 3 years | 4 years | 5 years | More than 5 years","Less than 1 year"
"How many years' experience do you have in an Engineering Role?","dropdown","No experience | Less than 1 year | 1 year | 2 years | 3 years | 4 years | 5 years | More than 5 years","Less than 1 year"
"Berapa tahun pengalaman kerjamu sebagai analis sistem?","dropdown","Tidak ada pengalaman | Kurang dari 1 tahun | 1 tahun | 2 tahun | 3 tahun | 4 tahun | 5 tahun | Lebih dari 5 tahun","Kurang dari 1 tahun"
"How many years' experience do you have as an account executive?","dropdown","No experience | Less than 1 year | 1 year | 2 years | 3 years | 4 years | 5 years | More than 5 years","Less than 1 year"
"How many years' experience do you have as an information technology manager?","dropdown","No experience | Less than 1 year | 1 year | 2 years | 3 years | 4 years | 5 years | More than 5 years","Less than 1 year"
"How many years' experience do you have with change management?","dropdown","No experience | Less than 1 year | 1 year | 2 years | 3 years | 4 years | 5 years | More than 5 years","Less than 1 year"
"How many years of Analyst experience do you currently have?","text","","0"
"How many years of Business Consulting and Services experience do you currently have?","text","","0"
"How many years of work experience do you have with Data Analysis?","text","","0"
"Are you able to work from the office at this job’s location?Are you able to work from the office at this job’s location?","dropdown","Yes | No","Yes"
"Have you used AI coding tools (e.g., Cursor, Claude, Copilot) as part of your regular development workflow?Have you used AI coding tools (e.g., Cursor, Claude, Copilot) as part of your regular development workflow?","dropdown","Yes | No","No"
"Are you comfortable working directly with clients or end users to understand their problems and requirements?Are you comfortable working directly with clients or end users to understand their problems and requirements?","dropdown","Yes | No","Yes"
"What is your current monthly salary?","text","","Tidak disebutkan"
"When is your earliest available start date? (Answer in DD.MM format, example 01.09)","text","","Tidak disebutkan"
"Please provide your current monthly salary in gross (IDR)","text","","Tidak disebutkan"
"Please provide your expected monthly gross salary (in IDR)","text","","4500000"
"How long is your notice period?","text","","Immediately"
"How many years of Backend Engineer experience do you currently have?","text","","1"
"Posisi ini 100% offline dan tidak ada opsi WFH(Work From Home). Apakah anda bersedia datang ke kantor kami di Kelapa Gading, atau kantor customer kami jika anda mendapatkan tugas?Posisi ini 100% offline dan tidak ada opsi WFH(Work From Home). Apakah anda bersedia datang ke kantor kami di Kelapa Gading, atau kantor customer kami jika anda mendapatkan tugas?","dropdown","Yes | No","No"
"Apakah memiliki kendaraan pribadi(mobil/motor) dan SIM?Apakah memiliki kendaraan pribadi(mobil/motor) dan SIM?","dropdown","Yes | No","No"
"Apakah sudah lulus S1 dengan bidang IT atau sejajar?Apakah sudah lulus S1 dengan bidang IT atau sejajar?","dropdown","Yes | No","No"
"Salary expectation in IDR","text","","4500000"
"This position is a full-time onsite role based at Arista Group Head Office (Jakarta). Are you comfortable with this work location?This position is a full-time onsite role based at Arista Group Head Office (Jakarta). Are you comfortable with this work location?","dropdown","Yes | No","No"
"How many years of work experience do you have in Backend Development, System Integration, or Technical R&D roles?How many years of work experience do you have in Backend Development, System Integration, or Technical R&D roles?","dropdown","Yes | No","Yes"
"Do you have hands-on experience using PHP/Laravel (or other backend languages like Python/Go) and deploying applications with Docker?Do you have hands-on experience using PHP/Laravel (or other backend languages like Python/Go) and deploying applications with Docker?","dropdown","Yes | No","Yes"
"What is your expected monthly gross salary for this role? (Please specify in numbers, e.g., 6000000)","text","","4500000"
"Do you speak English? *","radiobutton","Yes | No","No"
"How many years of Ruby on Rails experience do you have? *","text","","0"
"How many years of Production System experience do you have? *","text","","1"
"Apakah Anda bisa berbahasa English? *","radiobutton","Ya | Tidak","Tidak"
"Berapa tahun pengalaman Software quality assurance yang Anda miliki? *","text","","0"
"Berapa tahun pengalaman Lead QA Automation yang Anda miliki? *","text","","0"
"g-recaptcha-response","text","","Yes"
"Do you have experince implement automated testing using TestComplete ?","text","","No"
"Do you have experience with web automation tools using Playwright or Selenium?","text","","No"
"Do you have experience integrating automated tests into CI/CD pipelines (e.g., Jenkins, GitHub Actions)?","text","","No"
"How many years of Leading engineers or projects experience do you have?","text","","0"
"How many years of work experience do you have with SAP Products?","text","","0"
"How many years of work experience do you have with SAP ERP?","text","","0"
"Apakah Anda memiliki pengalaman sebagai Full Stack Engineer minimal 1–2 tahun?Apakah Anda memiliki pengalaman sebagai Full Stack Engineer minimal 1–2 tahun?","dropdown","Yes | No","Yes"
"Seberapa mahir kamu dengan keahlian berikut ini? - kubernates","radiobutton","Tidak Berpengalaman | Dasar | Menengah | Ahli","Tidak Berpengalaman"
"Apakah Anda memiliki pengalaman menggunakan Golang untuk pengembangan backend?Apakah Anda memiliki pengalaman menggunakan Golang untuk pengembangan backend?","dropdown","Yes | No","No"
"Apakah Anda memiliki pengalaman menggunakan React.JS untuk pengembangan frontend?Apakah Anda memiliki pengalaman menggunakan React.JS untuk pengembangan frontend?","dropdown","Yes | No","Yes"
"Seberapa mahir kamu dengan keahlian berikut ini? - Scripting","radiobutton","Tidak Berpengalaman | Dasar | Menengah | Ahli","Menengah"
"Apakah Anda memiliki pengalaman menggunakan Next.JS untuk pengembangan frontend?Apakah Anda memiliki pengalaman menggunakan Next.JS untuk pengembangan frontend?","dropdown","Yes | No","Yes"
"Apakah Anda bersedia bekerja secara WFO di Perbankan, daerah Jakarta?Apakah Anda bersedia bekerja secara WFO di Perbankan, daerah Jakarta?","dropdown","Yes | No","No"
"Apakah Anda memiliki pengalaman menggunakan database seperti MySQL, SQL Server, atau PostgreSQL?Apakah Anda memiliki pengalaman menggunakan database seperti MySQL, SQL Server, atau PostgreSQL?","dropdown","Yes | No","Yes"
"Apakah Anda memiliki pengalaman menggunakan Python?Apakah Anda memiliki pengalaman menggunakan Python?","dropdown","Yes | No","Yes"
"Seberapa mahir kamu dengan keahlian berikut ini? - On Premise","radiobutton","Tidak Berpengalaman | Dasar | Menengah | Ahli","Tidak Berpengalaman"
"Seberapa mahir kamu dengan keahlian berikut ini? - Bash","radiobutton","Tidak Berpengalaman | Dasar | Menengah | Ahli","Dasar"
"Seberapa mahir kamu dengan keahlian berikut ini? - Redhat","radiobutton","Tidak Berpengalaman | Dasar | Menengah | Ahli","Tidak Berpengalaman"
"Seberapa mahir kamu dengan keahlian berikut ini? - Open Shift","radiobutton","Tidak Berpengalaman | Dasar | Menengah | Ahli","Tidak Berpengalaman"
"Seberapa mahir kamu dengan keahlian berikut ini? - Arsitektur Solusi","radiobutton","Tidak Berpengalaman | Dasar | Menengah | Ahli","Dasar"
"Jika lolos, apakah bisa join cepat ?Jika lolos, apakah bisa join cepat ?","dropdown","Yes | No","Yes"
"Seberapa mahir kamu dengan keahlian berikut ini? - Manajemen Proyek","radiobutton","Tidak Berpengalaman | Dasar | Menengah | Ahli","Dasar"
"Seberapa mahir kamu dengan keahlian berikut ini? - Manajemen Anggaran","radiobutton","Tidak Berpengalaman | Dasar | Menengah | Ahli","Tidak Berpengalaman"
"Seberapa mahir kamu dengan keahlian berikut ini? - Koordinasi Proyek","radiobutton","Tidak Berpengalaman | Dasar | Menengah | Ahli","Dasar"
"Seberapa mahir kamu dengan keahlian berikut ini? - Microsoft Office","radiobutton","Tidak Berpengalaman | Dasar | Menengah | Ahli","Dasar"
"Seberapa mahir kamu dengan keahlian berikut ini? - Perencanaan Strategis","radiobutton","Tidak Berpengalaman | Dasar | Menengah | Ahli","Dasar"
"Seberapa mahir kamu dengan keahlian berikut ini? - Roblem Solving","radiobutton","Tidak Berpengalaman | Dasar | Menengah | Ahli","Menengah"
"Seberapa mahir kamu dengan keahlian berikut ini? - Manajemen Proyek TI","radiobutton","Tidak Berpengalaman | Dasar | Menengah | Ahli","Dasar"
"Seberapa mahir kamu dengan keahlian berikut ini? - SDLC","radiobutton","Tidak Berpengalaman | Dasar | Menengah | Ahli","Menengah"
"Seberapa mahir kamu dengan keahlian berikut ini? - It Core Banking","radiobutton","Tidak Berpengalaman | Dasar | Menengah | Ahli","Tidak Berpengalaman"
"Do you agree to work in Banking industry?","text","","Yes"
"Seberapa mahir kamu dengan keahlian berikut ini? - Project Implementation","radiobutton","Tidak Berpengalaman | Dasar | Menengah | Ahli","Dasar"
"Seberapa mahir kamu dengan keahlian berikut ini? - Trello","radiobutton","Tidak Berpengalaman | Dasar | Menengah | Ahli","Dasar"
"Seberapa mahir kamu dengan keahlian berikut ini? - Perencanaan Proyek","radiobutton","Tidak Berpengalaman | Dasar | Menengah | Ahli","Dasar"
"Seberapa mahir kamu dengan keahlian berikut ini? - Agile Project Management","radiobutton","Tidak Berpengalaman | Dasar | Menengah | Ahli","Dasar"
"Seberapa mahir kamu dengan keahlian berikut ini? - Manajemen Risiko","radiobutton","Tidak Berpengalaman | Dasar | Menengah | Ahli","Dasar"
"Seberapa mahir kamu dengan keahlian berikut ini? - Manajemen Tim","radiobutton","Tidak Berpengalaman | Dasar | Menengah | Ahli","Dasar"
"Apakah anda lulusan (S1) jurusan Teknik Telekomunikasi, Teknik Elektro, Teknik Informatika, Ilmu Komputer, atau Teknik Industri?","text","","Tidak"
"Apakah anda lulusan D3 atau S1 dengan gelar kelulusan di bidang Teknik Telekomunikasi, Teknik Elektro, Teknik Informatika, Teknik Industri, atau Teknik Sipil?","text","","Tidak"
"Berapa tahun pengalaman kerja sebagai Scrum Master/PMO/role serupa?","text","","0"
"Ekspektasi gaji","text","","4500000"
"Seberapa mahir kamu dengan keahlian berikut ini? - Magento","radiobutton","Tidak Berpengalaman | Dasar | Menengah | Ahli","Tidak Berpengalaman"
"How much experience do you have in the following industry? - Recreational Facilities and Services","radiobutton","Tidak Berpengalaman | <1 thn | 1 - 3 thn | 3 - 5 thn | 5 - 10 thn | 10+ thn","Tidak Berpengalaman"
"Apakah kamu punya dokumen/sertifikat dibawah ini yang masih valid dan berlaku? - Sertifikat Pengawas Operasional Pertama (POP)","radiobutton","Ya | Tidak","Tidak"
"Apakah kamu punya dokumen/sertifikat dibawah ini yang masih valid dan berlaku? - Sertifikat HACCP","radiobutton","Ya | Tidak","Tidak"
"Apakah kamu tinggal di Jakarta Timur pada saat ini?","radiobutton","Ya | Tidak","Tidak"
"Seberapa mahir kamu dengan keahlian berikut ini? - AutoCAD","radiobutton","Tidak Berpengalaman | Dasar | Menengah | Ahli","Tidak Berpengalaman"
"Seberapa mahir kamu dengan keahlian berikut ini? - SketchUp","radiobutton","Tidak Berpengalaman | Dasar | Menengah | Ahli","Tidak Berpengalaman"
"Apakah anda berpengalaman di kontraktor interior ?","text","","Tidak"
"Apakah Anda bisa bergabung secepatnya? (maksimal 2 weeks notice)","text","","Ya, saya bisa bergabung secepatnya."
"Sebutkan IPK/ GPA Anda!","text","","3.71"
"How proficient are you in the following skill? - JavaScript","radiobutton","No Exp. | Basic | Intermediate | Advanced","Advanced"
"How proficient are you in the following skill? - Java","radiobutton","No Exp. | Basic | Intermediate | Advanced","No Exp."
"How proficient are you in the following skill? - Vue.js","radiobutton","No Exp. | Basic | Intermediate | Advanced","Intermediate"
"How proficient are you in the following skill? - Angular.js","radiobutton","No Exp. | Basic | Intermediate | Advanced","No Exp."
"How proficient are you in the following skill? - Next.Js","radiobutton","No Exp. | Basic | Intermediate | Advanced","Intermediate"
"How proficient are you in the following skill? - Go / Golang","radiobutton","No Exp. | Basic | Intermediate | Advanced","No Exp."
"How proficient are you in the following languages? - English","radiobutton","No | Conversational | Professional | Fluent-Native","Conversational"
"Apakah bersedia dengan sistem PKWT [Contract under Sigmatech]?","text","","Ya, saya bersedia dengan sistem PKWT (Contract under Sigmatech)."
"Do you have portfolio you can share? If so - please send them to maevyproject@gmail.com.Do you have portfolio you can share? If so - please send them to maevyproject@gmail.com.","dropdown","Yes | No","Yes"
"How many years' experience do you have as a VueJS Developer?","dropdown","No experience | Less than 1 year | 1 year | 2 years | 3 years | 4 years | 5 years | More than 5 years","Less than 1 year"
"How many years' experience do you have as a php developer?","dropdown","No experience | Less than 1 year | 1 year | 2 years | 3 years | 4 years | 5 years | More than 5 years","Less than 1 year"
"Do you have experience using Version Control Tool?","radiobutton","Yes | No","Yes"
"How many years of experience do you have in the IT Services Industry?","dropdown","No experience | Less than 1 year | 1 year | 2 years | 3 years | 4 years | 5 years | More than 5 years","Less than 1 year"
"Berapa lama waktu yang kamu butuhkan untuk memberi tahu perusahaanmu saat ini?","radiobutton","Tidak ada, saya siap bekerja segera | Kurang dari 1 bulan | 1 bulan | 2 bulan | Lebih dari 2 bulan","Tidak ada, saya siap bekerja segera"
"What is your level of proficiency in Bahasa Mandarin?What is your level of proficiency in Bahasa Mandarin?","dropdown","None | Conversational | Professional | Native or bilingual","None"
"What is your level of proficiency in Bahasa Inggris?What is your level of proficiency in Bahasa Inggris?","dropdown","None | Conversational | Professional | Native or bilingual","Conversational"
"How many years of work experience do you have with Pengajaran Bahasa Mandarin?","text","","0"
"What is your mode of transportation? (1. public transport / 2. motorcycle / 3. car)","text","","2. motorcycle"
"How many years' experience do you have as a Technical Lead?","dropdown","No experience | Less than 1 year | 1 year | 2 years | 3 years | 4 years | 5 years | More than 5 years","Less than 1 year"
"Do you have Project Delivery experience?","radiobutton","Ya | Tidak","Ya"
"Do you have Cloud Infrastructure Deployment experience?","radiobutton","Ya | Tidak","Tidak"
"Apakah kamu memiliki pengalaman menggunakan Laravel Framework?","radiobutton","Ya | Tidak","Ya"
"Do you have experience using Generative AI Tools?","radiobutton","Ya | Tidak","Tidak"
"Berapa tahun pengalaman kerjamu sebagai pengembang web?","dropdown","Tidak ada pengalaman | Kurang dari 1 tahun | 1 tahun | 2 tahun | 3 tahun | 4 tahun | 5 tahun | Lebih dari 5 tahun","Kurang dari 1 tahun"
"Apakah kamu memiliki pengalaman technical writing? (mis. petunjuk penggunaan, manual produk untuk pengguna, dokumen spesifikasi teknis)","radiobutton","Ya | Tidak","Tidak"
"How many years experience in Internet Banking do you have?","dropdown","Tidak ada pengalaman | Kurang dari 1 tahun | 1 tahun | 2 tahun | 3 tahun | 4 tahun | 5 tahun | Lebih dari 5 tahun","Kurang dari 1 tahun"
"Apakah kamu memiliki pengalaman menggunakan Java Spring Boot?","radiobutton","Ya | Tidak","Tidak"
"Apakah kamu memiliki pengalaman menggunakan C#.NET Programming Language?","radiobutton","Ya | Tidak","Tidak"
"Do you have Presentation Design experience?","radiobutton","Yes | No","No"
"Could you tell me about a project you're most proud of? Please walk me through what you built and why it stands out to you?","text","","A project I am most proud of is a full-stack web application built with Laravel, JavaScript, and a relational database. I developed the backend APIs, database integration, authentication flow, and responsive user interface, which stands out because it strengthened my ability to deliver a complete application from planning through implementation."
"Apakah kamu memiliki pengalaman dalam Search Engine Optimisation (SEO)?","radiobutton","Ya | Tidak","Tidak"
"Berapa tahun pengalaman kerjamu sebagai administrator proyek?","dropdown","Tidak ada pengalaman | Kurang dari 1 tahun | 1 tahun | 2 tahun | 3 tahun | 4 tahun | 5 tahun | Lebih dari 5 tahun","Kurang dari 1 tahun"
"Apakah Anda memiliki pengalaman minimal 1–2 tahun sebagai Data Engineer?Apakah Anda memiliki pengalaman minimal 1–2 tahun sebagai Data Engineer?","dropdown","Yes | No","No"
"Apakah Anda memiliki pengalaman menggunakan Kubernetes untuk deployment atau orchestration workload data?Apakah Anda memiliki pengalaman menggunakan Kubernetes untuk deployment atau orchestration workload data?","dropdown","Yes | No","No"
"Apakah Anda memiliki pengalaman menggunakan Big Data tools seperti Spark, Hive, Impala, Kafka, atau Sqoop?Apakah Anda memiliki pengalaman menggunakan Big Data tools seperti Spark, Hive, Impala, Kafka, atau Sqoop?","dropdown","Yes | No","No"
"Apakah Anda memiliki pengalaman menggunakan Oracle, PostgreSQL, MySQL, atau Microsoft SQL?Apakah Anda memiliki pengalaman menggunakan Oracle, PostgreSQL, MySQL, atau Microsoft SQL?","dropdown","Yes | No","Yes"
"Do you have User Acceptance Testing experience?","radiobutton","Yes | No","No"
"Jika lolos, apakah membutuhkan 1 month notice?Jika lolos, apakah membutuhkan 1 month notice?","dropdown","Yes | No","No"
"Do you have ERP Implementation experience?","radiobutton","Yes | No","No"
"Berapa ekspektasi gaji yang Anda inginkan?","text","","4500000"
"Berapa Nominal terakhir Gaji Anda?","text","","Tidak disebutkan"
"Apakah bersedia full WFO Jakarta Area?","text","","Perlu dikonfirmasi"
"Apakah Anda dapat bergabung secara cepat /ASAP, atau jika belum berapa lama notice Anda?","text","","Dapat bergabung segera"
"Apakah bersedia bekerja di Area Jakarta Selatan (Sudirman/Rasuna Said)?","text","","Perlu dikonfirmasi"
"What is your current monthly salary? (Gross)","text","","Tidak disebutkan"
"What is your expected monthly salary? (Gross)","text","","4500000"
"Berapa tahun pengalaman kerjamu sebagai Pemimpin Proyek?","dropdown","Tidak ada pengalaman | Kurang dari 1 tahun | 1 tahun | 2 tahun | 3 tahun | 4 tahun | 5 tahun | Lebih dari 5 tahun","Kurang dari 1 tahun"
"How much notice are you required to give your current employer?","radiobutton","None, I'm ready to go now | Less than 1 month | 1 month | 2 months | More than 2 months","None, I'm ready to go now"
"Berapa tahun pengalaman dalam penggunaan Spring Boot?","text","","0"
"Berapa tahun pengalaman dalam penggunaan React JS?","text","","1"
"Availability for joining? (Put in the total days.)","text","","0"
"Existing Salary (Net-Based).","text","","0"
"Expected Salary (Net-Based).","text","","4500000"
"Pernahkah kamu mendapatkan pekerjaan yang membutuhkan pemahaman mendalam mengenai siklus hidup pengembangan software (software development lifecycle)?","radiobutton","Ya | Tidak","Ya"
"Apakah kamu memiliki pengalaman menggunakan SAP Sistem?","radiobutton","Ya | Tidak","Tidak"
"Apakah kamu memiliki pengalaman Integrasi API?","radiobutton","Ya | Tidak","Ya"
"How many years' experience do you have in an Information Technology Support Role?","dropdown","No experience | Less than 1 year | 1 year | 2 years | 3 years | 4 years | 5 years | More than 5 years","Less than 1 year"
"How many years' experience do you have as a Risk Management Assistant?","dropdown","No experience | Less than 1 year | 1 year | 2 years | 3 years | 4 years | 5 years | More than 5 years","Less than 1 year"
"Do you have hands-on experience developing RESTful APIs and microservices architecture?Do you have hands-on experience developing RESTful APIs and microservices architecture?","dropdown","Yes | No","Yes"
"Do you have experience deploying or managing applications using JBoss and/or Kubernetes?Do you have experience deploying or managing applications using JBoss and/or Kubernetes?","dropdown","Yes | No","No"
"Do you have hands-on experience with IBM BAW and/or IBM ODM?Do you have hands-on experience with IBM BAW and/or IBM ODM?","dropdown","Yes | No","No"
"How many years of hands-on experience do you have in Java backend development using Spring Boot and/or Quarkus?","text","","0"
"Salary Expectation","text","","4500000"
"How many years' experience do you have as a Golang Full Stack Developer?","dropdown","No experience | Less than 1 year | 1 year | 2 years | 3 years | 4 years | 5 years | More than 5 years","Less than 1 year"
"Do you have Debugging experience?","radiobutton","Ya | Tidak","Ya"
"Apakah kamu memiliki Gelar S1?","radiobutton","Ya | Tidak","Tidak"
"Do you have Cross Functional Team Collaboration experience?","radiobutton","Yes | No","No"
"Do you have experience using Database Management Systems?","radiobutton","Yes | No","Yes"
"Do you have a valid driver's license?Do you have a valid driver's license? Required","radiobutton","Yes | No","No"
"Do you have professional experience working with Event-Driven Architecture?Do you have professional experience working with Event-Driven Architecture?","dropdown","Yes | No","No"
"How many yours of Backend Engineer experience do you currently have?","text","","1"
"How many years of work experience do you have with Microservice Architecture?","text","","0"
"How many years of work experience do you have with MySQL, MongoDB?","text","","1"
"Are you willing to undergo a BI Checking / SLIK OJK verification process if required for employment or project purposes?Are you willing to undergo a BI Checking / SLIK OJK verification process if required for employment or project purposes?","dropdown","Yes | No","Yes"
"Kirim link 1–2 project yang pernah kamu buat. Jelaskan singkat: apa yang kamu buat sendiri dan masalah paling sulit yang kamu selesaikan.","text","","https://github.com/itzluthfi — Saya membangun aplikasi web menggunakan Laravel, React, dan database seperti MySQL atau MongoDB. Saya mengembangkan fitur utama, integrasi API, autentikasi, serta memperbaiki masalah integrasi dan validasi data."
"Ceritakan 1 contoh saat kamu harus menggunakan teknologi yang belum pernah kamu pakai. Bagaimana kamu mempelajarinya dan menyelesaikan task tersebut?","text","","Saya pernah menggunakan teknologi yang belum familiar dengan mempelajari dokumentasi resmi, membuat proof of concept kecil, lalu mengujinya secara bertahap. Setelah memahami konsep dan pola penggunaannya, saya menerapkannya pada task serta melakukan debugging sampai hasilnya sesuai kebutuhan."
"Bagaimana kamu menggunakan AI saat coding? Berikan 1 contoh saat hasil AI salah atau tidak sesuai, dan bagaimana kamu mengetahui serta memperbaikinya.","text","","Saya menggunakan AI untuk membantu memahami dokumentasi, mencari alternatif implementasi, dan membuat draft kode. Pernah hasil AI menggunakan API yang sudah tidak sesuai versi terbaru; saya mengetahuinya dari error saat pengujian dan dokumentasi resmi, lalu memperbaikinya dengan menyesuaikan parameter serta alur implementasi."
"Gaji Anda saat ini","text","","Tidak disebutkan"
"How many years of Marketing experience do you currently have?","text","","0"
"How many years of Retail Apparel and Fashion experience do you currently have?","text","","0"
"How many years of work experience do you have with Campaign Concepts?","text","","0"
"How many years of Retail experience do you currently have?","text","","0"
"How many years of work experience do you have with Online Marketplace?","text","","0"
"How many years of work experience do you have with Customer Relationship Management (CRM)?","text","","0"
"Apakah terbiasa melakukan raw query untuk penarikan data dari database?","text","","Ya"
"How many years' experience do you have as an Innovation Manager?","dropdown","No experience | Less than 1 year | 1 year | 2 years | 3 years | 4 years | 5 years | More than 5 years","Less than 1 year"
"Apakah kamu bersedia menjalani pemeriksaan latar belakang prakerja?","radiobutton","Ya | Tidak","Ya"
"How many years of work experience do you have with Tracker?","text","","0"
"How many years of work experience do you have with Readiness?","text","","0"
"Seberapa mahir kamu dengan keahlian berikut ini? - Analytical Skills","radiobutton","Tidak Berpengalaman | Dasar | Menengah | Ahli","Menengah"
"What is your current net salary?","text","","Tidak disebutkan"
"What is your expected net salary?","text","","4500000"
"What is your level of proficiency in Indonesian?What is your level of proficiency in Indonesian?","dropdown","None | Conversational | Professional | Native or bilingual","Native or bilingual"
"How many years' experience do you have as a User Experience and Interface Designer?","dropdown","No experience | Less than 1 year | 1 year | 2 years | 3 years | 4 years | 5 years | More than 5 years","Less than 1 year"
"Berapa tahun pengalaman Anda sebagai Front End?","text","","1"
"This role is posted to Kuala Lumpur after paid training in Jakarta (living costs covered), with irregular hours and multi-day hospital stays. Can you commit to this?This role is posted to Kuala Lumpur after paid training in Jakarta (living costs covered), with irregular hours and multi-day hospital stays. Can you commit to this?","dropdown","Yes | No","No"
"Berapa tahun pengalaman Anda dalam menggunakan React JS?","text","","1"
"Berapa tahun pengalaman Anda dalam memimpin tim?","text","","0"
"Do you have experience with Relational Database Management Systems (RDBMS)?","radiobutton","Yes | No","Yes"
"Do you have Agile Software Development experience?","radiobutton","Yes | No","No"
"Apakah Anda memiliki pengalaman dalam project Credit Scoring dan/atau Underwriting?Apakah Anda memiliki pengalaman dalam project Credit Scoring dan/atau Underwriting?","dropdown","Yes | No","No"
"Apakah Anda memiliki pengalaman mengembangkan model Credit Scoring?Apakah Anda memiliki pengalaman mengembangkan model Credit Scoring?","dropdown","Yes | No","No"
"Apakah kamu memiliki pengalaman menggunakan Agentic AI?Apakah kamu memiliki pengalaman menggunakan Agentic AI?","dropdown","Yes | No","No"
"Jika lolos, apakah butuh 1 month notice?Jika lolos, apakah butuh 1 month notice?","dropdown","Yes | No","No"
"Apakah bersedia untuk WFO di Jakarta?Apakah bersedia untuk WFO di Jakarta?","dropdown","Yes | No","No"
"Berapa lama total pengalaman Anda sebagai Data Scientist / Machine Learning Engineer?","text","","0"
"Berapa ekspektasi gaji bulanan Anda?","text","","4500000"
"Seberapa mahir Anda menggunakan Python untuk Machine Learning?","text","","Dasar"
"If you're shortlisted, are you open to completing a short assignment to help us better understand your ecommerce skills and approach?If you're shortlisted, are you open to completing a short assignment to help us better understand your ecommerce skills and approach?","dropdown","Yes | No","Yes"
"This is an individual contributor role for now. Are you ok with this?This is an individual contributor role for now. Are you ok with this?","dropdown","Yes | No","Yes"
"What’s your current and expected salary in IDR?","text","","Saat ini: Tidak disebutkan; ekspektasi: 4500000"
"How many years of store operations (Shopee/Lazada) experience do you have?","text","","0"
"Apakah kamu berpengalaman bekerja dalam scrum agile team?","radiobutton","Ya | Tidak","Tidak"
"notice period","text","","Immediately"
"Apakah bersedia bekerja di Industri Banking/Financial/Multi-Financial/Insurance Company?","text","","Ya"
"Apakah Anda bersedia bekerja full WFO dan 3 bulan kontrak (extendable)?","text","","Ya"
"Seberapa mahir kamu dengan keahlian berikut ini? - Pengembangan iOS","radiobutton","Tidak Berpengalaman | Dasar | Menengah | Ahli","Tidak Berpengalaman"
"How many years of experience do you have in engineering management, IT leadership, technical project management, or a similar role?","text","","0"
"What is your current monthly salary? (in Gross)","text","","Tidak disebutkan"
"What is your expected monthly salary? (in Gross)","text","","4500000"
"Seberapa mahir kamu dengan keahlian berikut ini? - Pengembangan Android","radiobutton","Tidak Berpengalaman | Dasar | Menengah | Ahli","Menengah"
"Have you completed the following level of education: Master's Degree?Have you completed the following level of education: Master's Degree? Required","radiobutton","Yes | No","No"
"How many years' experience do you have as a Front End Web Developer?","dropdown","No experience | Less than 1 year | 1 year | 2 years | 3 years | 4 years | 5 years | More than 5 years","Less than 1 year"
"Do you have Web Design experience?","radiobutton","Yes | No","Yes"
"Seberapa mahir kamu dengan keahlian berikut ini? - linux ubuntu","radiobutton","Tidak Berpengalaman | Dasar | Menengah | Ahli","Dasar"
"Seberapa mahir kamu dengan keahlian berikut ini? - Perhatian terhadap Detail","radiobutton","Tidak Berpengalaman | Dasar | Menengah | Ahli","Menengah"
"Do you speak English?Do you speak English? Required","radiobutton","Yes | No","Yes"
"How many years of work experience do you have with Point of Sale (POS) Systems?","text","","0"
"How many years of work experience do you have with Agile Methodologies?","text","","0"
"Expectation salary in gross IDR","text","","4500000"
"How many years of work experience do you have with Canvassing?","text","","0"
"What is your minimum expected salary (net)?","text","","4500000"
"How many years' experience do you have as an Unreal Engine Developer?","dropdown","No experience | Less than 1 year | 1 year | 2 years | 3 years | 4 years | 5 years | More than 5 years","Less than 1 year"
"How many years' experience do you have as a User Experience Engineer?","dropdown","No experience | Less than 1 year | 1 year | 2 years | 3 years | 4 years | 5 years | More than 5 years","Less than 1 year"
"Do you have API Integration experience?","radiobutton","Yes | No","Yes"
"Do you have experience using Figma?","radiobutton","Yes | No","No"
"Do you have technical writing experience? (e.g. user guides, product user manuals, technical specification documents)","radiobutton","Yes | No","No"
"How many years' experience do you have as a Visual Basic Developer?","dropdown","No experience | Less than 1 year | 1 year | 2 years | 3 years | 4 years | 5 years | More than 5 years","Less than 1 year"
"How many years' experience do you have as a Game Developer?","dropdown","No experience | Less than 1 year | 1 year | 2 years | 3 years | 4 years | 5 years | More than 5 years","Less than 1 year"
"How many years of game software development experience do you have?","dropdown","No experience | Less than 1 year | 1 year | 2 years | 3 years | 4 years | 5 years | More than 5 years","Less than 1 year"
"How many years of work experience do you have with User Experience (UX)?","text","","0"
"How many years of work experience do you have with User Interface Design?","text","","0"
"How many years of work experience do you have with Figma (Software)?","text","","0"
"How many years of work experience do you have with Food and Beverage Operations?","text","","0"
"What are your salary expectations for this position?","text","","4500000"
"How many years of team leadership experience do you have?","text","","0"
"How many years of Banking experience do you currently have?","text","","0"
"Berapa tahun pengalaman Anda menjadi Database Programmer?","text","","0"
"Berapa gaji Anda saat ini?","text","","Tidak disebutkan"
"PortfolioPortfolio","dropdown","Yes | No","Yes"
"How many years of work experience do you have with Elementor?","text","","0"
"How many years of work experience do you have with Shopify?","text","","0"
"Do you have experience using Java Spring Boot?","radiobutton","Yes | No","No"
"Do you have experience using Angular?","radiobutton","Yes | No","No"
"Do you have experience using TypeScript?","radiobutton","Yes | No","Yes"
"Do you have experience using REST APIs?","radiobutton","Yes | No","Yes"
"Do you have experience using AWS S3?","radiobutton","Yes | No","No"
"Do you have experience using Mockito Test Framework?","radiobutton","Yes | No","No"
"Do you have experience using Ionic Framework?","radiobutton","Yes | No","No"
"How many years' experience do you have as a Full Stack React Developer?","dropdown","No experience | Less than 1 year | 1 year | 2 years | 3 years | 4 years | 5 years | More than 5 years","Less than 1 year"
"How many years' experience do you have as a Full Stack JavaScript Developer?","dropdown","No experience | Less than 1 year | 1 year | 2 years | 3 years | 4 years | 5 years | More than 5 years","Less than 1 year"
"Do you have CI/CD experience?","radiobutton","Yes | No","No"
"Do you have experience using Express.JS?","radiobutton","Yes | No","Yes"
"Do you have Database Testing experience?","radiobutton","Yes | No","No"
"Do you have experience using Tailwind CSS?","radiobutton","Yes | No","Yes"
"Do you have experience using Nosql?","radiobutton","Yes | No","Yes"
"How many years' experience do you have as a Kotlin Developer?","dropdown","No experience | Less than 1 year | 1 year | 2 years | 3 years | 4 years | 5 years | More than 5 years","Less than 1 year"
"Do you have experience using Nuxt.JS?","radiobutton","Yes | No","No"
"Do you have experience using Kotlin?","radiobutton","Yes | No","No"
"What is your expected salary (monthly) for this role (gross)?","text","","4500000"
"Apakah kamu memiliki pengalaman menggunakan Sistem Manajemen Gedung?","radiobutton","Ya | Tidak","Tidak"
"How many years of work experience do you have with COBOL?","text","","0"
"How many years of work experience do you have with COBOL II?","text","","0"
"How many years of work experience do you have with Coding Experience?","text","","1"
"How many years of work experience do you have with ASP.NET Core?","text","","0"
"Do you have Linux Server Administration experience?","radiobutton","Yes | No","No"
"Do you have experience using Prometheus Software?","radiobutton","Yes | No","No"
"How many years' experience do you have as an Information Technology Infrastructure Engineer?","dropdown","No experience | Less than 1 year | 1 year | 2 years | 3 years | 4 years | 5 years | More than 5 years","Less than 1 year"
"Sudah berapa lama anda handling menggunakan Angular?","text","","0"
"Apakah kamu bersedia bekerja di luar jam kerja biasa saat dibutuhkan? (cth. akhir pekan, malam hari, hari libur nasional)","radiobutton","Ya | Tidak","Tidak"
"Are you have experience in using java Springboot?","text","","No"
"How many years' experience do you have as a SAP ABAP on HANA Consultant?","dropdown","No experience | Less than 1 year | 1 year | 2 years | 3 years | 4 years | 5 years | More than 5 years","Less than 1 year"
"Do you have .NET Application Development experience?","radiobutton","Ya | Tidak","Tidak"
"What's your expected salary?","text","","4500000"
"Apakah kamu berpengalaman bekerja dalam lingkungan perbankan bisnis?","radiobutton","Ya | Tidak","Tidak"
"How many years of work experience do you have with Pandas (Software)?","text","","0"
"How many years of work experience do you have with Extract, Transform, Load (ETL)?","text","","0"
"How many years of work experience do you have with Google Cloud Platform (GCP)?","text","","0"
"How many years of work experience do you have with Microsoft SQL ?","text","","0"
"Seberapa mahir kamu dengan keahlian berikut ini? - Internet of Things (IoT)","radiobutton","Tidak Berpengalaman | Dasar | Menengah | Ahli","Menengah"
"Seberapa mahir kamu dengan keahlian berikut ini? - Turborepo","radiobutton","Tidak Berpengalaman | Dasar | Menengah | Ahli","Menengah"
"Layanan GCP apa saja yang sering Anda gunakan untuk memproduksi dan mengelola aplikas? serta Design pattern apa saja yang pernah Anda terapkan dalam microservices dan mengapa memilihnya?","text","","Saya terbiasa menggunakan Google Compute Engine, Cloud Run, dan Cloud SQL untuk deployment serta pengelolaan service. Untuk arsitektur microservices, saya menerapkan API Gateway pattern untuk routing dan keamanan, serta Event-Driven/CQRS pattern dengan message broker agar antar service tetap loosely coupled, scalable, dan memiliki performa tinggi."
"Seberapa mahir kamu dengan keahlian berikut ini? - Pemeliharaan Listrik","radiobutton","Tidak Berpengalaman | Dasar | Menengah | Ahli","Dasar"
"Seberapa mahir kamu dengan keahlian berikut ini? - Pelayanan Pelanggan","radiobutton","Tidak Berpengalaman | Dasar | Menengah | Ahli","Menengah"
"Seberapa mahir kamu dengan keahlian berikut ini? - Teknik Pemeliharaan","radiobutton","Tidak Berpengalaman | Dasar | Menengah | Ahli","Dasar"
"Seberapa mahir kamu dengan keahlian berikut ini? - Microsoft Excel","radiobutton","Tidak Berpengalaman | Dasar | Menengah | Ahli","Dasar"
"Seberapa mahir kamu dengan keahlian berikut ini? - Preventive Maintenance","radiobutton","Tidak Berpengalaman | Dasar | Menengah | Ahli","Menengah"
"Seberapa mahir kamu dengan keahlian berikut ini? - Microsoft Word","radiobutton","Tidak Berpengalaman | Dasar | Menengah | Ahli","Dasar"
"Seberapa mahir kamu dengan keahlian berikut ini? - Pemeliharaan Mekanik","radiobutton","Tidak Berpengalaman | Dasar | Menengah | Ahli","Dasar"
"Seberapa mahir kamu dengan keahlian berikut ini? - Pemeliharaan Peralatan","radiobutton","Tidak Berpengalaman | Dasar | Menengah | Ahli","Dasar"
"Berapa lama pengalaman yang kamu miliki sebagai Maintenance Engineer?","radiobutton","Tidak Berpengalaman | <1 thn | 1 - 3 thn | 3 - 5 thn | 5 - 10 thn | 10+ thn","Tidak Berpengalaman"
"Apakah anda punya pengalaman dalam membangun bisnis sendiri?","text","","Yes"
"Apakah anda senang bertemu orang baru dan sharing suatu pengalaman dengan orang?","text","","Yes"
"Apakah anda punya pengalaman dalam penjualan langsung?","text","","Yes"
